DATE,(DAY),TCARS,TOTAL$,TTL/C,EXTRA$,EX$/C,%EX,,RVS,EOD/T,EOD/R,bad_2,year
*12-01 (THU),226,3537.4,15.65,1475.5,7.2,,77,0,0,0,,,2011
*12-02 (FRI),286,4740.82,16.58,2034.87,7.65,,77,0,0,0,,,2011
*12-03 (SAT),303,5371.77,17.73,2326.78,8.11,,84,0,0,0,,,2011
*12-04 (SUN),0,,,,,,,,,,,,2011
*12-05 (MON),270,4392.83,16.27,1808.61,7.29,,81,0,0,0,,,2011
*12-06 (TUE),265,4168.33,15.73,1458.5,6.03,,76,3,0,0,,,2011
*12-07 (WED),259,3371.44,13.02,1345.39,5.56,,72,0,0,0,,,2011
*12 -08 (THU),266,3991.43,15.01,1496.39,6.34,,76,1,0,0,,,2011
*12-09 (FRI),178,2785.41,15.65,1174.08,7.38,,75,0,0,0,,,2011
*12 -10 (SAT),169,2870.31,16.98,1362.92,9.09,,86,0,0,0,,,2011
*12-11 (SUN),0,,,,,,,,,,,,2011
*12-12 (MON),215,3211.25,14.94,1200.08,6.28,,80,0,0,0,,,2011
*12-13 (TUE),190,2741. 42,14.43,999.2,5.81,,81,1,0,0,,,2011
*12-14 (WED),215,3365.03,15.65,1342.15,6.64,,69,2,0,0,,,2011
*12 -15 (THU),231,3693.88,15.99,1579.83,7.45,,76,0,0,0,,,2011
*12-16 (FRI),232,3711.55,16,1561.72,7.16,,78,2,0,0,,,2011
*12-17 (SAT),356,5730.44,16.1,2222.17,6.75,,84,0,0,0,,,2011
*12 -18 (SUN),0,,,,,,,,,,,,2011
*12-19 (MON),307,4733.6,15.42,1712.82,6.03,,76,0,0,0,,,2011
*12-20 (TUE),282,4389.06,15.56,1634.48,6.03,,76,4,0,0,,,2011
*12-21 (WED),305,4816.99,15.79,2098.34,7.31,,80,0,0,0,,,2011
*12-22 (THU),344,5759.45,16.74,2417.23,7.41,,86,0,0,0,,,2011
*12-23 (FRI),393,6249.19,15.9,2185.59,5.88,,79,3,0,0,,,2011
*12 -24 (SAT),306,5300.93,17.32,2217.71,7.65,,86,0,0,0,,,2011
*12-25 (SUN),0,,,,,,,,,,,,2011
*12- 26 (MON),223,3547.89,15.91,1419.58,6.76,,80,0,0,0,,,2011
*12-27 (TUE),113,1553.22,13.75,548.78,5.49,,81,1,0,0,,,2011
*12-28 (WED),300,4359.97,14.53,1439.26,5.2,,80,1,0,0,,,2011
*12-29 (THU),302,4941. 88,16.36,1943.37,6.94,,80,1,0,0,,,2011
*12 -30 (FRI),386,6581.65,17.05,2659.05,7.13,,85,1,0,0,,,2011
*12-31 (SAT),383,6412.35,16.74,2512.69,6.88,,81,1,0,0,,,2011
*11-01,(TUE),336,4894,14.57,1808.27,6.03,80,1,0,0,,,2011
*11-02,(WED),283,4224.77,14.93,1673.99,6.41,75,6,0,0,,,2011
*11-03,(THU),294,5044.41,17.16,2115.85,7.58,76,0,0,0,,,2011
*11-04,(FRI),284,4497.79,15.84,1758.13,6.66,78,1,0,0,,,2011
*11-05,(SAT),357,5929.22,16.61,2495,7.49,82,0,0,0,,,2011
*11-06,(SUN),0,,,,,,,,,,,2011
*11-07,(MON),343,5454.19,15.9,2155.92,6.93,80,1,0,0,,,2011
*11-08,(TUE),327,5490.88,16.79,2182.61,6.97,78,1,0,0,,,2011
*11-09,(WED),275,4175.7,15.18,1337.48,5.14,72,0,0,0,,,2011
*11-10,(THU),331,5235.31,15.82,1700.2,5.52,75,0,0,0,,,2011
*11-11,(FRI),361,5693.14,15.77,2027.36,6.02,81,0,0,0,,,2011
*11-12,(SAT),347,6220.64,17.93,2797.64,8.58,83,0,0,0,,,2011
*11-13,(SUN),0,,,,,,,,,,,2011
*11-14,(MON),314,5037.31,16.04,1778.26,6.01,75,0,0,0,,,2011
*11-15,(TUE),286,4347.75,15.2,1455.92,5.37,75,0,0,0,,,2011
*11-16,(WED),331,4737.55,14.31,1502.11,4.88,68,1,0,0,,,2011
*11-17,(THU),349,5457.27,15.64,1631. 49,4.9,72,0,0,0,,,2011
*11-18,(FRI),246,3953.69,16.07,1444.86,6.31,77,1,0,0,,,2011
*11-19,(SAT),376,5802.73,15.43,2215.61,6.28,77,1,0,0,,,2011
*11-20,(SUN),0,,,,,,,,,,,2011
*11-21,(MON),286,4693.03,16.41,1978.09,7.38,81,0,0,0,,,2011
*11-22,(TUE),249,3781 . 72,15.19,1568.89,7.13,77,0,1,1,,,2011
*11-23,(WED),321,4558.85,14.2,1384.95,4.59,64,0,0,0,,,2011
*11-24,(THU),0,,,,,,,,,,,2011
*11-25,(FRI),253,4053.94,16.02,1624.33,6.88,79,0,0,0,,,2011
*11-26,(SAT),248,4419.11,17.82,2223.89,9.71,80,1,0,0,,,2011
*11-27,(SUN),0,,,,,,,,,,,2011
*11-28,(MON),227,3467.52,15.28,1302.47,6.17,75,1,0,0,,,2011
*11-29,(TUE),232,3450.31,14.87,1133.53,5.25,74,0,0,0,,,2011
*11-30,(WED),219,3557.66,16.25,1329.47,6.49,71,0,0,0,,,2011
10-01,(SAT),271,4658.63,17.19,2259.97,8.97,82,2,0,0,,,2011
*10-02,(SUN),0,,,,,,,,,,,2011
10-03,(MON),223,3461.9,15.52,1433.46,7.03,77,0,0,0,,,2011
10-04,(TUE),210,3372.37,16.06,1394.32,7.26,79,0,0,0,,,2011
10-05,(WED),197,3140.61,15.94,1472.34,8.23,78,0,0,0,,,2011
10-06,(THU),186,3110.8,16.72,1380.97,7.85,82,0,0,0,,,2011
10-07,(FRI),233,4018.83,17.25,1909.78,8.72,83,0,0,0,,,2011
10-08,(SAT),172,3261.94,18.96,1672.77,10.72,87,0,0,0,,,2011
*10-09,(SUN),0,,,,,,,,,,,2011
10-10,(MON),145,2428.14,16.75,1164.09,8.95,82,0,0,0,,,2011
10-11,(TUE),197,2996.03,15.21,1225.03,6.73,79,0,0,0,,,2011
10 -12,(WED),175,2472.01,14.13,984.7,6.15,74,0,0,0,,,2011
10-13,(THU),201,3237.88,16.11,1295.81,7,75,0,0,0,,,2011
10 -14,(FRI),232,3815.88,16.45,1660.11,7.65,78,0,0,0,,,2011
10 -15,(SAT),237,4146.22,17.49,2110.61,9.55,83,1,0,0,,,2011
*10-16,(SUN),0,,,,,,,,,,,2011
*10 -17,(MON),0,,,,,,,,,,,2011
*10-18,(TUE),0,,,,,,,,,,,2011
10-19,(WED),52,824.66,15.86,391. 96,9.33,79,0,3,0,,,2011
10-20,(THU),197,3076.7,15.62,1381.91,8.08,77,0,0,0,,,2011
10 -21,(FRI),320,5269.29,16.47,2331. 78,7.88,80,2,0,0,,,2011
10 -22,(SAT),317,4790.37,15.11,1716.98,5.84,76,2,0,0,,,2011
*10-23,(SUN),0,,,,,,,,,,,2011
10-24,(MON),268,4220.53,15.75,1479.02,5.89,72,0,0,0,,,2011
10 -25,(TUE),231,3520.79,15.24,1212.45,5.64,71,1,0,0,,,2011
10-26,(WED),222,3120.65,14.06,1433.84,7.1,76,0,1,0,,,2011
10 -27,(THU),161,2700.53,16.77,1168.41,7.79,80,0,0,0,,,2011
10-28,(FRI),148,2311.55,15.62,848.66,6.33,81,0,0,0,,,2011
10-29,(SAT),84,1420.14,16.91,826.24,11.8,83,1,0,0,,,2011
*10-30,(SUN),0,,,,,,,,,,,2011
10 -31,(MON),4,10,2.5,0,0,0,0,1,0,,,2011
,9 -01,(THU),117,1618.97,13.84,660.8,6.96,88,0,0,0,,2011
,9 -02,(FRI),163,2337.09,14.34,853.26,6.05,86,3,0,0,,2011
,9 -03,(SAT),191,2854.71,14.95,1012.17,5.88,80,1,0,0,,2011
*,9 -04,( SUN),0,,,,,,,,,,2011
*,9 -05,(MON),0,,,,,,,,,,2011
,9 -06,(TUE),102,1580.6,15.5,737.16,8.1,80,0,0,0,,2011
,9 -07,(WED),79,1007.47,12.75,360.46,5.72,84,0,0,0,,2011
,9 -08,(THU),151,2170.89,14.38,805.67,5.97,79,0,0,1,,2011
,9 -09,(FRI),163,2615.82,16.05,1050.38,7.35,85,0,0,0,,2011
,9 -10,(SAT),222,3560.85,16.04,1450.02,7.18,83,0,0,0,,2011
*,9 -11,(SUN),0,,,,,,,,,,2011
,9 -12,(MON),138,2082.19,15.09,714.97,5.91,81,0,0,0,,2011
,9 -13,(TUE),137,2056.78,15.01,667.56,5.34,78,0,0,0,,2011
,9 -14,(WED),143,1993.62,13.94,681. 35,5.36,70,1,0,0,,2011
,9 -15,(THU),147,2321. 31,15.79,782.19,5.88,80,0,1,1,,2011
,9 -16,(FRI),211,3196.8,15.15,1118.58,5.8,79,0,0,0,,2011
,9 -17,(SAT),254,4438.63,17.47,1836.41,7.65,88,1,0,0,,2011
*,9 -18,(SUN),0,,,,,,,,,,2011
,9 -19,(MON),188,3149.44,16.75,1465.39,8.47,85,1,0,0,,2011
,9-20,(TUE),76,1246.67,16.4,626.11,9.49,82,1,0,0,,2011
,9 -21,(WED),129,2015.79,15.63,853.84,7.56,75,0,0,0,,2011
,9 -22,(THU),94,1421. 59,15.12,662.15,8.07,78,0,0,0,,2011
,9 -23,(FRI),137,2220.18,16.21,1066.29,8.89,84,1,0,0,,2011
,9 -24,(SAT),163,3013.4,18.49,1596.62,10.5,86,0,1,1,,2011
*,9 -25,(SUN),0,,,,,,,,,,2011
*,9 -26,(MON),0,,,,,,,,,,2011
,9 -27,(TUE),125,1652.49,13.22,799.83,8,80,3,0,0,,2011
,9 -28,(WED),139,2242.45,16.13,1059.01,8.75,80,0,0,0,,2011
,9 -29,(THU),141,2284.9,16.2,1017.57,7.95,83,0,0,0,,2011
,9 -30,(FRI),207,3462.68,16.73,1592.95,8.25,81,0,0,0,,2011
,8 -01,(MON),148,2172.48,14.68,808.53,6.27,78,0,0,0,,2011
,8 -02,(TUE),97,1368.02,14.1,418.6,4.81,80,0,0,0,,2011
,8-03,(WED),122,1946.88,15.96,762.66,6.52,78,0,0,0,,2011
,8-04,(THU),76,1079.14,14.2,339.19,4.85,71,0,0,0,,2011
,8 -05,(FRI),179,2580.71,14.42,916.42,5.95,85,1,0,0,,2011
,8 -06,(SAT),173,2789.77,16.13,1028.99,6.43,83,0,0,0,,2011
*,8 -07,(SUN),0,,,,,,,,,,2011
,8-08,(MON),0,,,,,,,,,,2011
,8-09,(TUE),68,978.93,14.4,341. 32,6.21,76,0,0,0,,2011
,8 -10,(WED),28,343.69,12.27,89.08,3.87,70,0,0,0,,2011
,8 -11,(THU),63,834.66,13.25,351. 49,6.63,75,1,0,0,,2011
,8 -12,(FRI),86,1258.08,14.63,414.08,5.83,77,0,0,0,,2011
,8 -13,(SAT),142,2471.66,17.41,1081.44,8.13,83,0,0,0,,2011
*,8 -14,(SUN),0,,,,,,,,,,2011
,8 -15,(MON),99,1378.59,13.93,503.03,6.29,80,0,0,0,,2011
,8-16,(TUE),59,964.1,16.34,428.5,8.74,82,0,0,0,,2011
,8 -17,(WED),114,1479.69,12.98,524.42,5.46,72,0,0,0,,2011
,8 -18,(THU),97,1486.46,15.32,578.86,6.73,73,3,0,0,,2011
,8-19,(FRI),73,1162.5,15.92,445.5,6.75,79,0,0,0,,2011
,8 -20,(SAT),193,3156.47,16.35,1279.25,7.35,77,1,0,0,,2011
*,8 -21,(SUN),0,,,,,,,,,,2011
,8 -22,(MON),153,2150.84,14.06,816.01,6.63,79,2,0,0,,2011
,8 -23,(TUE),97,1397.07,14.4,443.25,5.09,82,6,0,0,,2011
,8 -24,(WED),73,954.9,13.08,254.68,4.04,71,1,0,0,,2011
,8 -25,(THU),93,1332.28,14.33,485.71,6.07,84,0,0,0,,2011
,8 -26,(FRI),153,2522.73,16.49,1045.29,7.74,84,1,0,0,,2011
,8 -27,(SAT),165,2732.21,16.56,1192.99,8.23,81,1,0,0,,2011
*,8 -28,(SUN),0,,,,,,,,,,2011
,8-29,(MON),13,180.82,13.91,92.87,8.44,82,0,0,0,,2011
*,8 -30,(TUE),0,,,,,,,,,,2011
,8 -31,(WED),12,143.56,11.96,31.56,3.51,78,0,0,0,,2011
,7-01,(FRI),133,2096.18,15.76,1016.96,9.42,82,0,0,0,,2011
,7 -02,(SAT),92,1694.44,18.42,785.98,9.47,87,1,2,2,,2011
*,7-03,(SUN),0,,,,,,,,,,2011
*,7-04,(MON),0,,,,,,,,,,2011
,7-05,(TUE),122,1818.16,14.9,653.43,6.47,76,0,0,0,,2011
,7-06,(WED),62,890.89,14.37,351.94,6.9,73,0,0,0,,2011
*,7-07,(THU),0,,,,,,,,,,2011
,7 -08,(FRI),100,1491.79,14.92,643.01,7.56,79,0,0,0,,2011
,7 -09,(SAT),184,2949.24,16.03,1162.25,7.22,86,0,0,0,,2011
*,7 -1 0,(SUN),0,,,,,,,,,,2011
,7 -11,(MON),126,1781.29,14.14,617.89,5.72,73,0,0,0,,2011
,7 -12,(TUE),112,1820.79,16.26,744.11,7.59,87,0,0,0,,2011
,7-13,(WED),142,2006.03,14.13,604.25,4.76,76,0,0,0,,2011
,7 -14,(THU),126,2026.12,16.08,816.9,7.17,79,0,0,0,,2011
,7-15,(FRI),194,3005.17,15.49,1126,6.4,82,0,0,0,,2011
,7-16,(SAT),170,2744.1,16.14,912.49,5.81,85,0,0,0,,2011
*,7-17,(SUN),0,,,,,,,,,,2011
,7 -18,(MON),94,1251. 57,13.31,435.44,5.31,79,0,0,0,,2011
,7 -19,(TUE),136,2192.37,16.12,853.37,6.83,82,0,0,0,,2011
,7-20,(WED),144,2075.76,14.41,816.44,6.23,79,0,0,0,,2011
,7 -21,(THU),139,2398.95,17.26,1072.83,8.45,80,0,0,0,,2011
,7 -22,(FRI),62,874.87,14.11,319.7,5.81,89,0,0,0,,2011
,7-23,(SAT),133,2017.08,15.17,756.38,6.46,82,1,0,0,,2011
*,7 -24,(SUN),0,,,,,,,,,,2011
,7-25,(MON),112,1546.25,13.81,657.03,7.47,78,0,0,0,,2011
,7 -26,(TUE),74,1387.88,18.76,716.38,10.38,81,0,0,0,,2011
,7-27,(WED),91,1379.81,15.16,499.98,6.41,82,0,0,0,,2011
,7-28,(THU),144,1998.35,13.88,647.77,5.18,75,0,0,0,,2011
,7-29,(FRI),165,2678.92,16.24,1100.41,7.24,82,0,0,0,,2011
,7-30,(SAT),214,3387.5,15.83,1340.36,6.77,82,0,0,0,,2011
*,7-31,(SUN),0,,,,,,,,,,2011
,6-01,(WED),169,2455.95,14.53,721.93,4.63,72,0,0,0,,2011
,6-02,(THU),187,2415.09,12.91,684.97,4.15,71,0,0,0,,2011
,6-03,(FRI),262,4023.39,15.36,1319.12,5.52,83,1,0,0,,2011
,6-04,(SAT),254,4101.45,16.15,1486.07,6.22,79,0,0,0,,2011
*,6-05,(SUN),0,,,,,,,,,,2011
,6-06,(MON),166,2462.06,14.83,696.6,4.58,70,0,0,0,,2011
,6-07,(TUE),169,2475.48,14.65,830.75,5.36,72,0,0,0,,2011
,6-08,(WED),141,1839.71,13.05,546.45,4.34,68,0,0,0,,2011
,6-09,(THU),137,2014.4,14.7,640.75,5.21,74,1,1,0,,2011
,6 -10,(FRI),210,3039.12,14.47,1026.9,5.49,77,3,0,0,,2011
,6 -11,(SAT),174,2589.69,14.88,839.6,5.35,77,1,0,0,,2011
*,6 - 12,(SUN),0,,,,,,,,,,2011
,6-13,(MON),160,2163.62,13.52,549.34,3.9,76,0,0,0,,2011
,6-14,(TUE),139,2037.49,14.66,718.27,5.89,78,0,0,0,,2011
,6-15,(WED),138,2203.5,15.97,749.94,5.91,76,0,0,0,,2011
,6 -16,(THU),114,1539.39,13.5,512,4.97,72,0,0,0,,2011
,6-17,(FRI),180,2393.19,13.3,836.02,5.43,69,0,0,0,,2011
,6 -18,(SAT),137,2152.63,15.71,735.46,5.84,74,0,0,0,,2011
*,6-19,(SUN),0,,,,,,,,,,2011
,6-20,(MON),155,2086.27,13.46,635.83,4.97,71,0,0,0,,2011
,6 -21,(TUE),58,902.46,15.56,302.85,5.51,84,0,0,0,,2011
,6-22,(WED),104,1418.74,13.64,659.47,7.76,74,0,0,0,,2011
,6-23,(THU),94,1357.97,14.45,474.9,5.86,80,0,0,0,,2011
,6 -24,(FRI),128,1935.37,15.12,665.91,5.79,72,0,0,0,,2011
,6 -25,(SAT),151,2245.83,14.87,860.61,6.57,74,1,0,0,,2011
*,6-26,(SUN),0,,,,,,,,,,2011
,6-27,(MON),38,534.25,14.06,291.48,10.41,79,0,0,0,,2011
,6-28,(TUE),68,1070.18,15.74,460.96,7.56,72,0,0,0,,2011
,6-29,(WED),66,1064.66,16.13,395.66,6.82,79,0,0,0,,2011
,6 -30,(THU),34,557.49,16.4,276.54,9.88,82,0,0,0,,2011
*,5-01,(SUN),0,,,,,,,,,,2011
,5 -02,(MON),374,5844.3,15.63,1686.47,4.83,78,2,0,0,,2011
,5-03,(TUE),302,4421.54,14.64,1220.54,4.42,74,2,0,0,,2011
,5-04,(WED),287,4043.03,14.09,1219.84,4.5,65,1,0,0,,2011
,5-05,(THU),259,3863.78,14.92,1170.42,4.76,78,1,0,0,,2011
,5 -06,(FRI),305,4416.06,14.48,1257.17,4.49,78,2,0,0,,2011
,5-07,(SAT),298,4819,16.17,1736.27,6.14,83,0,0,0,,2011
*,5-08,(SUN),0,,,,,,,,,,2011
,5 -09,(MON),393,6089.24,15.49,1692.46,4.57,64,0,0,0,,2011
,5 -10,(TUE),307,4653.77,15.16,1443.98,5.01,76,0,0,0,,2011
,5 -11,(WED),290,4375.46,15.09,1268.74,4.68,71,0,0,0,,2011
,5 -12,(THU),279,4245.23,15.22,1391.57,5.37,75,0,0,0,,2011
,5-13,(FRI),303,3952.29,13.04,1238.02,4.34,71,0,0,0,,2011
,5 -14,(SAT),313,4749.72,15.17,1877.23,6.41,80,1,0,0,,2011
*,5 -15,(SUN),0,,,,,,,,,,2011
,5-16,(MON),247,3286.77,13.31,1128.56,5.08,77,0,0,0,,2011
,5-17,(TUE),193,2890.19,14.98,1099.86,6.25,70,0,0,0,,2011
,5-18,(WED),232,3753.59,16.18,1370.53,6.26,73,0,0,0,,2011
,5 -19,(THU),217,3104.3,14.31,915.26,4.6,69,0,0,0,,2011
,5- 20,(FRI),267,3997.92,14.97,1238.48,4.99,80,2,0,0,,2011
,5 -21,(SAT),273,4369.55,16.01,1604.66,6.2,80,0,0,0,,2011
*,5- 22,(SUN),0,,,,,,,,,,2011
,5 -23,(MON),228,3333.69,14.62,1081.62,5.33,75,1,0,0,,2011
,5 -24,(TUE),211,3358.88,15.92,1178.76,6.11,73,1,0,0,,2011
,5 -25,(WED),178,2391.8,13.44,914.73,5.61,77,0,0,0,,2011
,5-26,(THU),184,2602.61,14.14,856.83,5.1,74,0,0,0,,2011
,5- 27,(FRI),221,3101.12,14.03,1013.12,5.17,77,1,0,0,,2011
,5-28,(SAT),169,2626.18,15.54,925.62,5.97,81,0,0,0,,2011
*,5-29,(SUN),0,,,,,,,,,,2011
*,5 -30,(MON),0,,,,,,,,,,2011
,5 -31,(TUE),181,2698.33,14.91,976.21,6.22,84,0,0,0,,2011
,4-01,(FRI),369,5698.62,15.44,2015.23,5.81,73,0,0,0,,2011
,4-02,(SAT),445,7122.88,16.01,2330.71,5.52,80,0,0,0,,2011
*,4-03,(SUN),0,,,,,,,,,,2011
,4-04,(MON),359,5638.72,15.71,2002.45,5.86,78,0,0,0,,2011
,4-05,(TUE),91,1614.47,17.74,753.53,8.56,77,0,0,0,,2011
,4 -06,(WED),259,3671. 04,14.17,1220.33,5.19,77,0,0,0,,2011
,4 -07,(THU),233,3571.44,15.33,1015,4.53,70,0,0,0,,2011
,4 -08,(FRI),317,4965.55,15.66,1763.16,6.12,75,0,0,0,,2011
,4 -09,(SAT),338,5448.16,16.12,2005.77,6.33,83,0,0,0,,2011
*,4-10,(SUN),0,,,,,,,,,,2011
,4-11,(MON),316,4858.86,15.38,1466.86,4.99,70,2,0,0,,2011
,4 -12,(TUE),277,4149.59,14.98,1245.42,4.83,75,2,0,0,,2011
,4- 13,(WED),287,4011. 34,13.98,1400.53,5.11,73,0,0,0,,2011
,4- 14,(THU),293,4288.69,14.64,1245.69,4.53,71,0,0,0,,2011
,4 -15,(FRI),372,5783.13,15.55,1918.16,5.48,76,2,0,0,,2011
,4-16,(SAT),338,5377.94,15.91,1804.89,5.64,80,2,0,0,,2011
*,4-17,(SUN),0,,,,,,,,,,2011
,4 -18,(MON),279,4126.08,14.79,1475.25,5.67,69,1,0,0,,2011
,4 -19,(TUE),259,4032.93,15.57,1419.15,5.94,71,1,0,0,,2011
,4-20,(WED),265,3980.71,15.02,1342.59,5.22,72,1,0,0,,2011
,4-21,(THU),324,4871.22,15.03,1573.34,5.21,69,0,0,0,,2011
,4 -22,(FRI),368,5702.92,15.5,1908.37,5.5,73,2,0,0,,2011
,4-23,(SAT),376,5963.41,15.86,2027.36,5.69,77,0,0,0,,2011
*,4 -24,(SUN),0,,,,,,,,,,2011
,4 -25,(MON),315,4620.47,14.67,1260.03,4.26,75,1,0,0,,2011
,4- 26,(TUE),218,3447.08,15.81,1260.46,6.15,66,0,0,0,,2011
,4 -27,(WED),253,3890.5,15.38,1309.62,5.55,74,0,0,0,,2011
,4 -28,(THU),296,4342.45,14.67,1352.89,4.9,69,0,0,0,,2011
,4-29,(FRI),279,4371. 44,15.67,1487.37,5.57,71,0,0,0,,2011
,4-30,(SAT),318,5172.05,16.26,1870.44,6.23,78,0,0,0,,2011
,3-01,(TUE),347,5441.17,15.68,1585.95,4.71,69,0,0,0,,2011
,3-02,(WED),332,5185.29,15.62,1729.85,5.51,77,2,0,0,,2011
,3-03,(THU),363,5543.59,15.27,1687.98,4.94,64,0,1,0,,2011
,3-04,(FRI),384,5803.88,15.11,1819.27,4.94,71,1,0,0,,2011
,3-05,(SAT),353,5501. 27,15.58,1858.38,5.6,74,2,0,0,,2011
*,3-06,(SUN),0,,,,,,,,,,2011
,3-07,(MON),416,6008.41,14.44,1618.68,4.1,69,0,0,0,,2011
,3-08,(TUE),330,4802.09,14.55,1068.42,3.37,71,1,0,0,,2011
,3 -09,(WED),210,2600.26,12.38,784.33,4.13,68,0,0,0,,2011
,3-10,(THU),23,403.49,17.54,166.49,7.57,68,0,0,0,,2011
,3-11,(FRI),315,4530.14,14.38,1363.02,4.87,69,3,0,0,,2011
,3 -12,(SAT),353,5562.33,15.76,1848.6,5.47,80,0,0,0,,2011
*,3 -13,(SUN),0,,,,,,,,,,2011
,3-14,(MON),313,4733.38,15.12,1276.46,4.3,70,1,0,0,,2011
,3 -15,(TUE),322,4869.66,15.12,1505.83,4.86,71,0,0,0,,2011
,3 -16,(WED),340,5147.63,15.14,1976.19,6.08,75,4,0,0,,2011
,3-17,(THU),337,5336.33,15.83,1571. 89,4.85,73,0,0,0,,2011
,3 -18,(FRI),411,6221.87,15.14,1841.09,4.76,71,1,0,0,,2011
,3-19,(SAT),435,6247.44,14.36,1594,3.88,79,0,0,0,,2011
*,3-20,(SUN),0,,,,,,,,,,2011
,3-21,(MON),420,6346.76,15.11,1686.54,4.17,73,1,1,1,,2011
,3 -22,(TUE),381,5509.04,14.46,1238.86,3.4,73,0,0,0,,2011
,3 -23,(WED),369,5175.26,14.03,1616.63,4.62,75,1,0,0,,2011
,3 - 24,(THU),383,6244.68,16.3,2079.95,5.61,71,4,0,0,,2011
,3-25,(FRI),398,6152.26,15.46,1788.56,4.67,75,0,0,0,,2011
,3-26,(SAT),457,7296.39,15.97,2314.56,5.21,78,0,0,0,,2011
*,3 -27,(SUN),0,,,,,,,,,,2011
,3 -28,(MON),246,3701.27,15.05,1136.22,4.98,77,0,0,0,,2011
,3-29,(TUE),231,3511.92,15.2,1051. 25,4.74,74,1,0,0,,2011
,3-30,(WED),291,4102.53,14.1,1566.33,5.74,78,1,0,0,,2011
,3 -31,(THU),183,2817.38,15.4,1005.99,5.85,71,0,0,0,,2011
,2-01 (TUE),,347,5432.14,15.65,1776.92,5.34,69,0,0,0,,2011
,2-02 (WED),,382,4788.7,12.54,1746.79,4.87,71,2,0,0,,2011
,2 -03 (THU),,341,5536.14,16.24,1655.22,5.05,72,0,0,0,,2011
,2-04 (FRI),,349,5251.04,15.05,1489.04,4.53,73,1,0,0,,2011
,2 -05 (SAT),,391,6216.51,15.9,2058.9,5.53,72,2,0,0,,2011
*,2 -06 (SUN),,0,,,,,,,,,,2011
,2 -07 (MON),,312,4672.65,14.98,1446.21,4.92,71,0,0,0,,2011
,2-08 (TUE),,372,5464.14,14.69,1333.49,3.72,66,0,0,0,,2011
,2 -09 (WED),,338,4418.37,13.07,1606.51,5,73,2,0,0,,2011
,2-10 (THU),,218,3256.79,14.94,980.96,4.76,70,0,2,0,,2011
,2-11 (FRI),,1,,0,,0,0,,,,,2011
,2 -12 (SAT),,289,4388.89,15.19,1483.16,5.6,78,0,0,0,,2011
*,2 -13 (SUN),,0,,,,,,,,,,2011
,2 -14 (MON),,391,6150.06,15.73,1981.23,5.35,70,1,0,0,,2011
,2 -15 (TUE),,371,4554.89,12.28,1587.35,4.55,72,1,0,0,,2011
,2-16 (WED),,354,5345.87,15.1,1585.22,4.7,72,2,0,0,,2011
,2-17 (THU),,321,5207.74,16.22,1816.3,5.8,75,0,2,2,,2011
,2-18 (FRI),,391,6375.47,16.31,2223.47,6.01,72,0,0,0,,2011
,2-19 (SAT),,399,6797.69,17.04,2656.86,6.99,78,0,0,0,,2011
*,2 -20 (SUN),,0,,,,,,,,,,2011
,2-21 (MON),,361,5873.26,16.27,2197.65,6.48,76,0,0,0,,2011
,2 -22 (TUE),,325,4857.49,14.95,1393.61,4.4,67,0,0,0,,2011
,2-23 (WED),,349,4564.34,13.08,1644.51,4.95,71,3,0,0,,2011
,2 -24 (THU),,326,5196.61,15.94,1843.39,5.95,77,1,0,0,,2011
,2 -25 (FRI),,466,7440.36,15.97,2486.86,5.6,74,1,0,0,,2011
,2- 26 (SAT),,479,7708.86,16.09,2564.03,5.62,78,2,0,0,,2011
*,2 -27 (SUN),,0,,,,,,,,,,2011
,2-28 (MON),,420,5548.24,13.21,1940.55,4.89,68,2,0,0,,2011
*,1-01,(SAT),0,,,,,,,,,,2011
*,1-02,(SUN),0,,,,,,,,,,2011
,1 -03,(MON),390,6179.08,15.84,1842.84,4.89,72,1,0,0,,2011
,1-04,(TUE),427,6790.82,15.9,2035.18,5.01,72,2,0,0,,2011
,1-05,(WED),340,4517.33,13.29,1591. 82,4.85,70,1,0,0,,2011
,1 -06,(THU),112,1603.95,14.32,428.78,4.08,70,0,0,0,,2011
,1-07,(FRI),369,5536.14,15,1871.25,5.46,74,1,0,0,,2011
,1-08,(SAT),394,6392.64,16.22,2300.63,6.12,76,1,0,0,,2011
*,1-09,(SUN),0,,,,,,,,,,2011
,1-10,(MON),312,4908.16,15.73,1430.94,4.77,70,1,0,0,,2011
,1-11,(TUE),246,3689.85,15,1111.76,4.79,73,0,0,0,,2011
,1 -12,(WED),234,3152.35,13.47,1108.97,4.97,70,2,0,0,,2011
,1 -13,(THU),259,3743.87,14.46,1098.87,4.49,69,0,0,0,,2011
,1-14,(FRI),309,4536.63,14.68,1545.24,5.38,72,2,0,0,,2011
,1 -15,(SAT),358,5811,16.23,2032,5.96,73,1,0,0,,2011
*,1-16,(SUN),0,,,,,,,,,,2011
,1-17,(MON),90,1412.62,15.7,382.01,4.34,70,1,0,0,,2011
,1-18,(TUE),220,3307.68,15.03,984.85,4.95,80,0,0,0,,2011
,1-19,(WED),154,2035.03,13.21,714.54,5.07,70,0,0,0,,2011
,1 -20,(THU),260,3595.91,13.83,1004.84,4.14,70,0,0,0,,2011
,1 -21,(FRI),137,2044.1,14.92,806.98,6.72,67,0,0,0,,2011
,1-22,(SAT),237,3831.09,16.16,1331.31,5.94,75,0,0,0,,2011
*,1 -23,(SUN),0,,,,,,,,,,2011
,1-24,(MON),245,3531.98,14.42,1031.2,4.65,72,0,0,0,,2011
,1-25,(TUE),160,2407.05,15.04,772.83,5.19,70,3,0,0,,2011
,1 -26,(WED),68,1030.64,15.16,306.74,4.65,77,1,0,0,,2011
,1 -27,(THU),342,4964.49,14.52,1590.27,5,70,1,0,0,,2011
,1-28,(FRI),349,4321.51,12.38,1508.98,4.61,67,0,0,0,,2011
,1-29,(SAT),397,6238.62,15.71,2014.06,5.33,72,2,0,0,,2011
*,1-30,(SUN),0,,,,,,,,,,2011
,1 -31,(MON),377,6015.67,15.96,2080.81,5.76,73,0,0,0,,2011
*12-01,(WED),144,1833.8,12.73,450.88,3.44,61,0,0,0,,,2010
*12-02,(THU),339,5138.95,15.16,1542.22,4.85,70,0,1,1,,,2010
*12 -03,(FRI),338,5317.25,15.73,1711.13,5.3,73,2,0,0,,,2010
*12-04,(SAT),355,5444.14,15.34,1693.36,5.05,73,0,0,0,,,2010
*12-05,(SUN),0,,,,,,,,,,,2010
*12-06,(MON),240,3630.35,15.13,1053.45,4.75,73,1,0,0,,,2010
*12-07,(TUE),224,3200.92,14.29,962.42,4.58,70,0,0,0,,,2010
*12-08,(WED),197,2922.88,14.84,1037.18,5.52,68,1,0,0,,,2010
*12-09,(THU),0,,,,,,,,,,,2010
*12-10,(FRI),339,4825.75,14.24,1588.48,5.19,77,2,0,0,,,2010
*12 -11,(SAT),272,4517.03,16.61,1762.41,6.86,83,0,0,0,,,2010
*12 -12,(SUN),0,,,,,,,,,,,2010
*12 -13,(MON),147,2098.67,14.28,862.73,6.74,77,0,0,0,,,2010
*12-14,(TUE),251,3529.96,14.06,822.13,3.45,69,2,0,0,,,2010
*12-15,(WED),263,3839.3,14.6,987.86,4,71,0,0,0,,,2010
*12-16,(THU),292,4454.09,15.25,1669.4,6.09,78,0,0,0,,,2010
*12 -17,(FRI),349,5458.01,15.64,1726.4,5.18,77,0,0,0,,,2010
*12 -18,(SAT),4,44.39,11.1,5.39,1.35,25,0,0,0,,,2010
*12 -19,(SUN),0,,,,,,,,,,,2010
*12 -20,(MON),249,3726.16,14.96,1322.09,5.98,69,0,0,0,,,2010
*12-21,(TUE),242,3851.43,15.91,1312.23,5.78,71,1,0,0,,,2010
*12 -22,(WED),277,4604.47,16.62,1622.64,6.15,73,4,0,0,,,2010
*12-23,(THU),314,4661,14.84,1502.31,5.02,72,1,0,0,,,2010
*12 -24,(FRI),242,4048.27,16.73,1450.81,6.28,75,0,0,0,,,2010
*12-25,(SAT),0,,,,,,,,,,,2010
*12 -26,(SUN),0,,,,,,,,,,,2010
*12 -27,(MON),211,3090.28,14.65,1061.14,5.61,71,0,0,0,,,2010
*12-28,(TUE),288,4383.87,15.22,1341.87,4.88,73,1,0,0,,,2010
*12-29,(WED),281,4430.45,15.77,1373.04,5.07,70,0,0,0,,,2010
*12-30,(THU),279,4781.89,17.14,1795.25,6.7,77,0,0,0,,,2010
*12-31,(FRI),434,6955,16.03,2429.7,5.8,76,0,0,0,,,2010
*11 -01,,(MON),210,3110.09,14.81,972.88,5.04,66,0,0,0,,2010
*11-02,,(TUE),104,1530.43,14.72,507.82,5.18,67,0,0,0,,2010
*11-03,,(WED),200,2933.62,14.67,1007.18,5.63,72,0,1,1,,2010
*11-04,,(THU),0,,,,,,,,,,2010
*11 -05,,(FRI),283,4210.79,14.88,1520.12,5.91,74,0,0,0,,2010
*11-06,,(SAT),295,4803.81,16.28,1785.69,6.57,80,0,0,1,,2010
*11-07,,(SUN),0,,,,,,,,,,2010
*11 -08,,(MON),266,4158.81,15.63,1418.2,5.56,69,0,0,0,,2010
*11-09,,(TUE),236,3385.21,14.34,1006.46,4.57,71,1,0,0,,2010
*11-10,,(WED),267,4352.33,16.3,1540.51,6.06,72,2,0,0,,2010
*11-11,,(THU),296,4714.85,15.93,1552.95,5.63,72,0,0,0,,2010
*11-12,,(FRI),255,4204.17,16.49,1488.95,6.23,78,0,0,0,,2010
*11-13,,(SAT),339,5464.28,16.12,2035.12,6.46,79,0,0,0,,2010
*11-14,,(SUN),0,,,,,,,,,,2010
*11 -15,,(MON),281,4363.24,15.53,1510.8,5.77,72,0,0,0,,2010
*11-16,,(TUE),251,4070.17,16.22,1283.1,5.39,76,1,0,0,,2010
*11-17,,(WED),250,4127.63,16.51,1383.18,5.74,71,1,0,0,,2010
*11-18,,(THU),259,3773.57,14.57,1282.21,5.32,72,0,0,0,,2010
*11-19,,(FRI),330,5343.68,16.19,1945.39,6.22,76,0,0,0,,2010
*11-20,,(SAT),328,5319.37,16.22,1952.59,6.42,79,0,0,0,,2010
*11-21,,(SUN),0,,,,,,,,,,2010
*11 -22,,(MON),297,4829.21,16.26,1630.84,5.76,78,2,Â·O,0,,2010
*11 -23,,(TUE),288,4636.82,16.1,1713.99,6.32,73,0,0,0,,2010
*11-24,,(WED),378,5957.32,15.76,2146.32,6.1,77,1,0,0,,2010
*11- 25,,(THU),0,,,,,,,,,,2010
*11 -26,,(FRI),180,2703.42,15.02,1021.26,6.04,73,0,0,0,,2010
*11-27,,(SAT),286,4612.76,16.13,1822.93,6.93,77,1,0,0,,2010
*11- 28,,(SUN),0,,,,,,,,,,2010
*11 -29,,(MON),291,4421.65,15.19,1550.82,5.79,73,0,0,0,,2010
*11 -30,,(TUE),284,4448.93,15.67,1333.1,4.9,66,0,0,0,,2010
10 -01,(FRI),235,3638.61,15.48,1374.39,6.39,79,0,0,0,,,2010
10-02,(SAT),295,5041.56,17.09,2051.34,7.41,80,1,0,0,,,2010
*10 -03,(SUN),0,,,,,,,,,,,2010
10-04,(MON),237,4022.8,16.97,1530.74,6.93,80,1,0,0,,,2010
10-05,(TUE),201,2931.8,14.59,876.74,4.71,74,0,0,0,,,2010
10 -06,(WED),189,2965.01,15.69,1154.3,6.48,81,0,0,0,,,2010
10-07,(THU),216,3320.66,15.37,1102.22,5.48,76,1,0,0,,,2010
10 -08,(FRI),249,4102.18,16.47,1602.13,6.88,80,0,0,0,,,2010
10 -09,(SAT),312,5175.98,16.59,1959.03,6.69,86,2,0,0,,,2010
*10-10,(SUN),0,,,,,,,,,,,2010
10 -11,(MON),251,4008.23,15.97,1376.62,5.78,81,0,0,0,,,2010
10-12,(TUE),148,2482.69,16.77,1022.28,7.69,77,1,0,0,,,2010
10 -13,(WED),91,1306.74,14.36,413.52,4.92,68,0,0,0,,,2010
*10 -14,(THU),0,,,,,,,,,,,2010
10 -15,(FRI),347,5686.61,16.39,2284.56,7.16,80,1,0,0,,,2010
10-16,(SAT),373,6220.12,16.68,2260.68,6.42,81,3,0,0,,,2010
*10-17,(SUN),0,,,,,,,,,,,2010
10-18,(MON),291,4582.77,15.75,1532.44,5.61,77,2,0,0,,,2010
10-19,(TUE),244,4135.64,16.95,1616.11,6.94,79,2,0,0,,,2010
10-20,(WED),228,3650.22,16.01,1348.14,6.33,80,1,0,0,,,2010
10-21,(THU),293,4483.94,15.3,1350.5,4.86,76,0,0,0,,,2010
10-22,(FRI),315,5131.18,16.29,1729.96,5.79,80,2,0,0,,,2010
10-23,(SAT),357,6358.65,17.81,2595.43,7.61,84,0,0,0,,,2010
*10-24,(SUN),0,,,,,,,,,,,2010
10 -25,(MON),207,3340.32,16.14,1207.49,6.36,74,0,0,0,,,2010
10-26,(TUE),227,3343.64,14.73,1054.77,5,73,0,0,0,,,2010
10 -27,(WED),175,2875.09,16.43,1090.48,6.73,75,0,0,0,,,2010
10-28,(THU),181,2776.34,15.34,921. 51,5.55,76,0,0,0,,,2010
10 -29,(FRI),240,3751.16,15.63,1478.11,6.75,71,1,0,0,,,2010
10-30,(SAT),311,5158.89,16.59,1913.67,6.42,77,0,0,0,,,2010
*10-31,(SUN),0,,,,,,,,,,,2010
*,9 - 01,(WED),144,1925.52,13.37,742.64,5.71,76,0,0,0,,2010
*,9-02,(THU),179,2521.18,14.08,749.13,4.62,80,0,0,0,,2010
*,9-03,(FRI),204,3330.15,16.32,1441.46,7.63,87,2,0,0,,2010
*,9-04,(SAT),183,3158.11,17.26,1512.88,9.06,86,2,0,0,,2010
*,9-05,(SUN),0,,,,,,,,,,2010
*,9-06,(MON),0,,,,,,,,,,2010
*,9-07,(TUE),106,1588.97,14.99,688.02,7.64,80,0,0,0,,2010
*,9-08,(WED),82,1282.82,15.64,595.21,8.15,79,0,0,0,,2010
*,9-09,(THU),84,1468.05,17.48,676.1,9.39,82,0,0,0,,2010
*,9-10,(FRI),80,1281.38,16.02,633.19,8.92,80,1,0,0,,2010
*,9-11,(SAT),187,2958.36,15.82,1244.92,7.41,85,0,0,0,,2010
*,9-12,(SUN),0,,,,,,,,,,2010
*,9-13,(MON),138,2150.88,15.59,862.66,6.96,75,2,0,0,,2010
*,9-14,(TUE),137,1890.21,13.8,702.82,6.11,76,0,0,0,,2010
*,9 - 15,(WED),145,2314.87,15 . 96,983.04,7.34,76,1,2,2,,2010
*,9-16,(THU),130,1827.05,14.05,617.78,5.19,67,1,0,0,,2010
*,9-17,(FRI),189,3132,16.57,1339.65,7.61,82,0,0,0,,2010
*,9 - 18,(SAT),248,4174 . 74,16 . 83,1835 . 41,8.09,85,0,0,0,,2010
*,9-19,(SUN),0,,,,,,,,,,2010
*,9 - 20,(MON),180,2740.45,15 . 22,875.62,5.24,81,0,0,0,,2010
*,9 - 21,(TUE),178,2679.28,15.05,926.06,5.86,83,0,0,0,,2010
*,9-22,(WED),152,2212.19,14.55,863 . 53,6.21,71,2,0,0,,2010
*,9 - 23,(THU),93,1460.51,15.7,528.9,6 . 15,74,0,0,0,,2010
*,9 - 24,(FRI),65,945.6,14.55,285.99,4.93,81,0,0,0,,2010
*,9 - 25,(SAT),133,2240.5,16.85,1072.89,9.67,85,1,0,0,,2010
*,9-26,(SUN),0,,,,,,,,,,2010
*,9 - 27,(MON),142,2073.65,14.6,933.6,7.78,77,1,0,0,,2010
*,9-28,(TUE),14,220.88,15.78,90.88,6.99,85,1,0,0,,2010
*,9-29,(WED),7,100.57,14.37,48.57,9.71,80,0,0,0,,2010
*,9 - 30,(THU),171,2514.66,14 . 71,1131 . 61,7.59,80,1,0,0,,2010
*,8-01,(SUN),0,,,,,,,,,,2010
,8-02,(MON),94,1342.67,14.28,675.62,8.14,76,0,0,0,,2010
,8-03,(TUE),87,1442.52,16.58,608.91,7.91,81,0,0,0,,2010
,8-04,(WED),77,1380.23,17.93,603.23,8.87,79,0,0,0,,2010
,8 -05,(THU),96,1553.69,16.18,662.08,7.79,80,1,0,0,,2010
,8-06,(FRI),166,2590.62,15.61,950.01,6.6,85,0,0,0,,2010
,8-07,(SAT),167,2649.11,15.86,890.55,5.9,80,0,0,0,,2010
*,8-08,(SUN),0,,,,,,,,,,2010
,8 -09,(MON),34,454.84,13.38,130.84,4.67,64,0,1,1,,2010
,8 -10,(TUE),6,95.96,15.99,30.96,6.19,100,0,0,0,,2010
,8 -11,(WED),101,1530.78,15.16,623.17,7.33,81,0,0,0,,2010
,8 -12,(THU),132,1967.57,14.91,726.79,6.49,74,2,0,0,,2010
,8 -13,(FRI),166,2672.59,16.1,1141. 37,7.76,87,0,0,0,,2010
,8 -14,(SAT),235,3967.55,16.88,1544.72,7.05,85,0,0,0,,2010
*,8 -15,(SUN),0,,,,,,,,,,2010
,8-16,(MON),84,1297.36,15.44,539.36,7.49,76,0,0,0,,2010
,8-17,(TUE),64,1015.03,15.86,426.03,8.35,88,0,0,0,,2010
,8 -18,(WED),116,1488.14,12.83,577.43,5.77,77,2,1,1,,2010
,8 -19,(THU),89,1335.11,15,496.11,6.12,78,0,0,0,,2010
,8 -20,(FRI),143,2265.54,15.84,931.1,7.16,81,0,0,0,,2010
,8 -21,(SAT),203,3327.48,16.39,1478 . 38,8.17,87,0,0,0,,2010
*,8 -22,(SUN),0,,,,,,,,,,2010
*,8 -23,(MON),0,,,,,,,,,,2010
,8 -2 4,(TUE),51,732.61,14.36,330.78,7.52,73,0,0,0,,2010
,8 -25,(WED),73,962.35,13.18,388.13,6.58,85,0,0,0,,2010
,8-26,(THU),88,1296.76,14.74,449.76,6,76,0,0,0,,2010
,8 -27,(FRI),180,2809.76,15.61,1094 . 54,6.67,79,0,0,0,,2010
,8-28,(SAT),190,3053.23,16.07,1309.4,7.79,83,0,0,0,,2010
*,8-29,(SUN),0,,,,,,,,,,2010
,8-30,(MON),76,1104.61,14.53,471.39,7.37,80,0,0,0,,2010
,8 -31,(TUE),95,1329.61,14,502.83,6.13,78,1,0,0,,2010
,7-01,(THU),74,1162.88,15.71,536.27,8.25,82,0,0,0,,2010
,7 -02,(FRI),71,1053.06,14.83,427.45,7.24,90,2,0,0,,2010
,7 -03,(SAT),71,1222.22,17.21,586.39,8.75,88,0,0,0,,2010
*,7-04,(SUN),0,,,,,,,,,,2010
,7 -05,(MON),73,1274.8,17.46,751.19,12.31,90,0,0,0,,2010
,7-06,(TUE),68,951. 00,13.99,331. 00,5.91,84,1,0,0,,2010
,7-07,(WED),125,2060.72,16.49,907.28,8.25,81,1,0,0,,2010
,7 -08,(THU),147,2461.79,16.75,938.57,7,87,1,0,0,,2010
,7 -09,(FRI),193,3229.27,16.73,1364.83,7.75,85,0,0,0,,2010
,7 -10,(SAT),223,3827.9,17.17,1610.29,7.78,84,1,0,0,,2010
*,7 -11,(SUN),0,,,,,,,,,,2010
,7-12,(MON),179,2625.95,14.67,1125.06,6.9,77,1,0,0,,2010
,7 -13,(TUE),147,2383.13,16.21,1026.3,7.49,74,0,0,0,,2010
,7 -14,(WED),82,1268.2,15.47,346.2,4.56,80,1,0,0,,2010
,7 -15,(THU),81,1216.68,15.02,354.68,4.93,69,0,0,0,,2010
,7 -16,(FRI),154,2269.75,14.74,835.92,6.06,76,1,0,0,,2010
,7 -17,(SAT),227,3758.63,16.56,1412.63,6.66,79,3,0,0,,2010
*,7 -18,(SUN),0,,,,,,,,,,2010
,7 -19,(MON),136,2074.16,15.25,747.66,6.18,73,0,0,0,,2010
,7-20,(TUE),140,2364.05,16.89,1114.61,8.64,76,1,0,0,,2010
,7 -21,(WED),145,2142.05,14.77,915.77,6.89,73,0,0,0,,2010
,7 -22,(THU),134,2189.81,16.34,905.81,7.81,83,0,0,0,,2010
,7 -23,(FRI),7,86.17,12.31,31.56,5.26,100,0,0,0,,2010
,7 -24,(SAT),163,2615.69,16.05,1079.74,7.4,85,1,0,0,,2010
*,7 -25,(SUN),0,,,,,,,,,,2010
,7-26,(MON),108,1674.78,15.51,708.62,8.15,78,0,0,0,,2010
,7 -27,(TUE),103,1542.53,14.98,561. 31,6.1,76,0,0,0,,2010
,7-28,(WED),92,1432.15,15.57,560.71,6.68,79,2,0,0,,2010
,7- 29,(THU),98,1439.38,14.69,568.55,6.69,74,1,0,0,,2010
,7 -30,(FRI),68,1092.65,16.07,376.04,6.07,76,0,0,0,,2010
,7 -31,(SAT),181,2956.98,16.34,1262.54,7.79,83,0,0,0,,2010
,6-01,(TUE),116,1550.17,13.36,485.17,5,76,0,0,0,,2010
,6-02,(WED),115,1890.28,16.44,845.24,7.9,82,0,0,0,,2010
,6 -03,(THU),162,2493.45,15.39,940.84,6.44,80,0,0,0,,2010
,6-04,(FRI),199,3062.3,15.39,1250.86,6.8,71,0,0,0,,2010
,6 -05,(SAT),230,3695.53,16.07,1520.42,7.24,79,2,0,0,,2010
*,6 -06,(SUN},0,,,,,,,,,,2010
,6-07,(MON),126,1624.97,12.9,681.87,6.26,73,0,1,0,,2010
,6 -08,(TUE),115,1810.28,15.74,627.67,5.92,77,2,0,0,,2010
,6 -09,(WED),109,1655.42,15.19,570.2,5.7,74,0,0,0,,2010
,6 -10,(THU),128,1967.47,15.37,805.25,7,79,0,0,0,,2010
,6 -11,(FRI),161,2533.01,15.73,1093.79,7.65,74,0,0,0,,2010
,6 -12,(SAT},215,3374.9,15.7,1201.68,6.04,75,0,0,0,,2010
*,6-13,(SUN),0,,,,,,,,,,2010
,6 -14,(MON),118,1875.68,15.9,680.07,6.18,82,0,0,0,,2010
,6-15,(TUE),147,1984.2,13.5,597.98,4.64,70,0,0,0,,2010
,6-16,(WED),126,2026.67,16.08,814.06,7.08,72,0,0,0,,2010
,6-17,(THU),113,1723.34,15.25,648.34,6.36,71,0,0,0,,2010
,6 -18,(FRI),151,2393.22,15.85,909.11,6.45,78,0,0,0,,2010
,6-19,(SAT),135,2153.28,15.95,921. 45,7.55,84,0,0,0,,2010
*,6 -20,(SUN),0,,,,,,,,,,2010
,6-21,(MON),83,1218.6,14.68,457.04,6.35,75,0,0,0,,2010
,6 -22,(TUE),82,1133.25,13.82,423.64,6.23,68,0,0,0,,2010
,6 -23,(WED),78,1265.8,16.23,536.19,7.77,81,1,0,0,,2010
,6 -24,(THU),94,1275.36,13.57,419.14,5.37,73,0,0,0,,2010
,6 -25,(FRI),157,2447.47,15.59,1004.42,7.23,83,1,0,0,,2010
,6-26,(SAT),141,2442.65,17.32,1125.65,9.15,82,0,0,0,,2010
*,6 -27,(SUN),0,,,,,,,,,,2010
,6-28,(MON),91,1319.3,14.5,449.69,5.69,70,0,0,0,,2010
,6-29,(TUE),75,1143.78,15.25,424.17,6.53,85,0,0,0,,2010
,6-30,(WED),39,642.01,16.46,338.18,9.95,88,0,0,0,,2010
,5-01,(SAT),261,4034.26,15.46,1302.26,5.36,81,0,0,0,,2010
*,5-02,(SUN),0,,,,,,,,,,2010
,5-03,(MON),242,3643.93,15.06,1181.49,5.23,72,1,0,0,,2010
,5-04,(TUE),220,3463.75,15.74,1400.92,6.77,78,0,0,0,,2010
,5-05,(WED),208,2568.82,12.35,745.33,3.84,69,3,0,0,,2010
,5-06,(THU),227,3399.1,14.97,1074.05,4.97,75,0,0,0,,2010
,5-07,(FRI),282,4242.84,15.05,1375.06,5.21,77,1,0,0,,2010
,5-08,(SAT),298,4525.81,15.19,1544.93,5.6,80,0,0,0,,2010
*,5-09,(SUN),0,,,,,,,,,,2010
,5-10,(MON),234,3610.83,15.43,1145.78,5.23,79,2,0,0,,2010
,5-11,(TUE),237,3506.27,14.79,983.44,4.49,73,1,0,0,,2010
,5 -12,(WED),225,2920.17,12.98,1052.63,5.16,75,1,0,0,,2010
,5 -13,(THU),246,3604.46,14.65,1114.19,4.89,73,0,0,0,,2010
,5 -14,(FRI),276,4466.49,16.18,1589.93,6.31,81,1,0,0,,2010
,5-15,(SAT),299,5015.24,16.77,1743.63,6.27,83,0,0,0,,2010
*,5-16,(SUN),0,,,,,,,,,,2010
,5 -17,(MON),107,1569.54,14.67,571.32,6.28,76,0,0,0,,2010
,5-18,(TUE),140,2137.12,15.27,613 . 55,4.79,77,0,0,0,,2010
,5 -19,(WED),85,1264.49,14.88,489.66,6.36,73,2,0,0,,2010
,5-20,(THU),140,2081. 86,14.87,761.86,6.3,74,0,0,0,,2010
,5-21,(FRI),196,3122.45,15.93,1150.23,6.57,82,0,0,0,,2010
,5-22,(SAT),232,4070.34,17.54,1583.12,7.47,86,2,0,0,,2010
*,5-23,(SUN),0,,,,,,,,,,2010
,5-24,(MON),181,2853.67,15.77,1030.84,6.21,81,2,0,0,,2010
,5-25,(TUE),153,2407.21,15.73,880.99,6.16,75,0,0,0,,2010
,5-26,(WED),172,2365.83,13.75,987.73,6.46,78,0,0,0,,2010
,5-27,(THU),191,3052.46,15.98,1114.63,6.3,77,0,0,0,,2010
,5 -28,(FRI),248,3971.19,16.01,1373.07,5.89,77,0,0,0,,2010
,5-29,(SAT),227,3811.24,16.79,1513.63,7.38,86,3,0,0,,2010
*,5-30,(SUN),0,,,,,,,,,,2010
*,5-31,(MON),0,,,,,,,,,,2010
,4 -01,(THU),324,4986.07,15.39,1595.07,5.28,71,0,0,0,,2010
,4 -02,(FRI),388,6018.59,15.51,1749.71,4.77,77,0,0,0,,2010
,4 -03,(SAT),378,5914.96,15.65,1720.74,4.74,74,2,0,0,,2010
*,4-04,(SUN),0,,,,,,,,,,2010
,4-05,(MON),334,5110.75,15.3,1535.09,4.84,79,0,0,0,,2010
,4 -06,(TUE),328,5086.94,15.51,1572.67,5.04,75,3,0,0,,2010
,4-07,(WED),321,4337.2,13.51,1433.56,4.73,75,0,0,0,,2010
,4 -08,(THU),283,4265.61,15.07,1216.78,4.57,69,0,0,0,,2010
,4-09,(FRI),306,4590.1,15,1195.16,4.14,69,3,0,0,,2010
,4 -10,(SAT),330,5200.02,15.76,1634.97,5.27,77,3,0,0,,2010
*,4 -11,(SUN),0,,,,,,,,,,2010
,4 -12,(MON),127,2091.71,16.47,998.88,9,76,0,0,0,,2010
,4 -13,(TUE),228,3493.25,15.32,947.03,4.36,72,1,0,0,,2010
,4 -14,(WED),194,2766.3,14.26,1069.16,6.04,77,0,0,0,,2010
,4 -15,(THU),201,3114.63,15.5,985.58,5.24,67,0,0,0,,2010
,4 -16,(FRI),256,3909.63,15.27,1260.8,5.25,77,0,0,0,,2010
,4-17,(SAT),150,2501.79,16.68,1046.96,7.7,79,0,0,0,,2010
*,4-18,(SUN),0,,,,,,,,,,2010
,4 -19,(MON),81,1259.58,15.55,559.63,8.11,81,0,0,0,,2010
,4 -20,(TUE),208,3189.68,15.33,968.46,4.99,72,0,0,0,,2010
,4 -21,(WED),190,2260.83,11.9,720.9,4.22,69,6,0,0,,2010
,4 -22,(THU),237,3750.43,15.82,1368.93,6.4,74,1,0,0,,2010
,4- 23,(FRI),255,4248.01,16.66,1487.79,6.2,80,1,0,0,,2010
,4-24,(SAT),283,4654.2,16.45,1676.86,6.26,79,2,0,0,,2010
*,4- 25,(SUN),0,,,,,,,,,,2010
*,4 -26,(MON),0,,,,,,,,,,2010
,4 -27,(TUE),271,3843.14,14.18,1139.92,4.73,74,0,0,0,,2010
,4 -28,(WED),233,3436.58,14.75,1508.61,6.92,78,1,0,0,,2010
,4 -29,(THU),157,2336.32,14.88,684.15,4.82,80,0,0,0,,2010
,4-30,(FRI),226,3476.55,15.38,1208.89,5.73,73,0,0,0,,2010
,3-01,(MON),273,3719.94,13.63,1050.33,4.18,69,0,0,0,,2010
,3-02,(TUE),74,1105.15,14.93,299.2,4.4,62,0,0,0,,2010
,3 -03,(WED),196,2609.99,13.32,800.56,4.42,72,1,0,0,,2010
,3-04,(THU),323,4750.59,14.71,1182.2,3.88,69,2,0,0,,2010
,3-05,(FRI),354,5137.4,14.51,1293.18,3.84,72,0,0,0,,2010
,3 -06,(SAT),382,5949.38,15.57,1745.77,4.74,79,1,0,0,,2010
*,3-07,(SUN),0,,,,,,,,,,2010
,3 -08,(MON),307,4543.7,14.8,1176.1,4.03,69,1,0,0,,2010
,3 -09,(TUE),114,1680.85,14.74,445.73,4.05,69,0,1,1,,2010
,3-10,(WED),276,3569.34,12.93,1251. 55,4.93,71,0,0,0,,2010
,3 -11,(THU),16,151.03,9.44,73.03,8.11,56,1,0,0,,2010
,3 -12,(FRI),12,106.78,8.9,15.78,1. 97,50,0,0,0,,2010
,3 -13,(SAT),363,5640.4,15.54,1750.78,5.1,78,0,0,0,,2010
*,3-14,(SUN),0,,,,,,,,,,2010
,3 -15,(MON),351,5477.41,15.61,1593.37,4.8,76,0,0,0,,2010
,3-16,(TUE),274,3889.82,14.2,983.99,3.81,72,0,1,1,,2010
,3-17,(WED),0,,,,,,,,,,2010
,3 -18,(THU),288,4018.62,13.95,874.77,3.31,66,0,0,0,,2010
,3-19,(FRI),394,5744.18,14.58,1433.35,3.82,66,2,0,0,,2010
,3-20,(SAT),350,5293.16,15.12,1598.11,4.84,76,2,0,0,,2010
*,3-21,(SUN),0,,,,,,,,,,2010
,3-22,(MON),115,1624.23,14.12,459.19,4.46,71,0,0,0,,2010
,3 -23,(TUE),306,4413.46,14.42,1157.35,4.05,70,0,1,1,,2010
,3-24,(WED),307,3969.27,12.93,1417.39,4.87,69,1,0,0,,2010
,3-25,(THU),283,4433.77,15.67,1411.6,5.27,74,3,1,0,,2010
,3-26,(FRI),1,,0,,0,0,,,,,2010
,3 -27,(SAT),339,5019.42,14.81,1473.59,4.71,74,1,0,0,,2010
*,3-28,(SUN),0,,,,,,,,,,2010
*,3-29,(MON),0,,,,,,,,,,2010
,3-30,(TUE),382,5598.67,14.66,1602.89,4.5,70,2,0,0,,2010
,3-31,(WED),318,4836.86,15.21,1501.35,5,74,1,0,0,,2010
*,2-01 (MON),,0,,,,,,,,,,2010
,2-02 (TUE),,113,1637.77,14.49,411.21,3.95,70,0,0,0,,2010
,2 -03 (WED),,273,3814.76,13.97,1101.1,4.44,71,0,0,0,,2010
,2-04 (THU),,313,4658.27,14.88,1303.44,4.43,70,0,0,0,,2010
,2 -05 (FRI),,175,2700.95,15.43,849.34,5.28,76,1,0,0,,2010
,2-06 (SAT),,302,4792.51,15.87,1500.11,5.34,80,0,0,0,,2010
*,2-07 (SUN),,0,,,,,,,,,,2010
,2-08 (MON),,270,4323.85,16.01,1389.07,5.47,74,1,0,0,,2010
,2-09 (TUE),,208,3143.49,15.11,863.66,4.43,81,0,0,0,,2010
,2-10 (WED),,292,3844.22,13.17,1245.8,4.6,71,0,0,0,,2010
,2-11 (THU),,248,3482.33,14.04,870.95,3.84,67,0,0,0,,2010
,2-12 (FRI),,116,1835.73,15.83,551. 78,5.02,71,0,0,0,,2010
,2 -13 (SAT),,333,4782.8,14.36,1303.27,4.26,72,0,0,0,,2010
*,2-14 (SUN),,0,,,,,,,,,,2010
,2-15 (MON),,284,4212.62,14.83,1107.18,4.12,74,0,0,0,,2010
,2-16 (TUE),,314,4541. 37,14.46,1110.95,3.72,66,0,0,0,,2010
,2 -17 (WED),,283,3646.85,12.89,1003.31,3.7,66,1,0,0,,2010
,2-18 (THU),,331,4772.72,14.42,1119.38,3.49,64,0,0,0,,2010
,2-19 (FRI),,279,4085.06,14.64,1125.89,4.28,73,0,0,0,,2010
,2-20 (SAT),,326,4969.59,15.24,1533.81,5,78,0,0,0,,2010
*,2 -21 (SUN),,0,,,,,,,,,,2010
,2-22 (MON),,134,2157.15,16.1,653.15,5.06,72,0,0,0,,2010
,2-23 (TUE),,276,3884.07,14.07,814.17,3.13,62,0,0,0,,2010
,2-24 (WED),,154,2124.15,13.79,726.44,5.01,69,0,0,0,,2010
,2 -25 (THU),,332,4962.29,14.95,1441.34,4.68,66,2,0,0,,2010
,2-26 (FRI),,402,5881.76,14.63,1497.98,3.88,64,0,0,0,,2010
,2 -27 (SAT),,126,2042.44,16.21,665.98,5.6,76,2,0,0,,2010
*,2 -28 (SUN),,0,,,,,,,,,,2010
*,1-01,(FRI),0,,,,,,,,,,2010
,1-02,(SAT),261,3954.99,15.15,1128.1,4.59,72,0,0,0,,2010
*,1-03,(SUN),0,,,,,,,,,,2010
,1-04,(MON),277,4089.74,14.76,1094.18,4.19,75,1,0,0,,2010
,1 - 05,(TUE),214,3639.93,17.01,1249 . 57,6.04,74,0,0,0,,2010
,1 - 06,(WED),185,2516.33,13.6,958.42,5.6,75,1,0,0,,2010
,1-07,(THU),163,2459.62,15.09,659.7,4.26,72,0,0,0,,2010
,1-08,(FRI),211,3055.48,14.48,1012.82,5.22,77,0,0,0,,2010
*,1-09,(SAT),0,,,,,,,,,,2010
*,1-10,(SUN),0,,,,,,,,,,2010
,1-11,(MON),185,2803.7,15.16,835.19,4.91,76,0,0,0,,2010
,1 - 12,(TUE),193,2880.89,14.93,812.11,4.46,69,0,0,0,,2010
,1-13,(WED),178,2413.06,13.56,858.57,5.11,72,2,0,0,,2010
,1 - 14,(THU),224,3529 . 89,15.76,1336.22,6.65,72,0,0,0,,2010
,1-15,(FRI),193,3074.57,15.93,961.01,5.4,79,0,0,0,,2010
,1-16,(SAT),188,3100.32,16.49,1069.89,6.08,76,1,0,0,,2010
*,1-17,(SUN),0,,,,,,,,,,2010
,1-18,(MON),263,3939.5,14.98,1332.42,5.57,72,0,0,0,,2010
,1-19,(TUE),229,3401.59,14.85,992.76,4.66,69,0,0,0,,2010
,l - 20,(WED),242,3441.63,14.22,996 . 58,4.33,66,0,0,0,,2010
,1 - 21,(THU),199,2949 . 50,14.82,943.67,5.16,70,1,0,0,,2010
,1 - 22,(FRI),231,3631.13,15.72,1058.3,4 . 81,73,0,0,0,,2010
,1-23,(SAT),215,3270.06,15.21,976.84,4 . 93,70,0,0,0,,2010
*,1 - 24,(SUN),0,,,,,,,,,,2010
*,1 - 25,(MON),0,,,,,,,,,,2010
,1-26,(TUE),283,3926.48,13.87,1210.94,4 . 57,69,1,0,0,,2010
,1 - 27,(WED),241,3615 . 89,15 . 00,1104.21,4.89,74,0,0,0,,2010
,1 - 28,(THU),209,3057.54,14 . 63,870 . 32,4.49,64,0,0,0,,2010
,1-29,(FRI),212,3232.36,15.25,1003.19,5.17,73,0,0,0,,2010
,1 - 30,(SAT),223,3543.53,15.89,1229.5,5.77,74,0,0,0,,2010
*,1-31,(SUN),0,,,,,,,,,,2010
12-01,(TUE),162,2447.21,15.11,708.99,4.7,78,3,0,0,,,2009
12-02,(WED),126,1867.15,14.82,677.16,6.05,75,0,0,0,,,2009
12 -03,(THU),85,1246.66,14.67,442.05,5.97,68,0,0,0,,,2009
12-04,(FRI),15,177.34,11. 82,54.34,4.53,75,0,0,0,,,2009
12-05,(SAT),6,78.78,13.13,13.78,2.76,40,0,0,0,,,2009
*12-06,(SUN),0,,,,,,,,,,,2009
12 -07,(MON),193,2647.03,13.72,877.37,5.25,74,2,0,0,,,2009
12 -08,(TUE),190,2800.49,14.74,814.27,4.65,74,0,0,0,,,2009
12 -09,(WED),216,3027.42,14.02,1147.06,5.71,78,1,0,0,,,2009
12-10,(THU),224,3546.32,15.83,1302.49,6.23,76,2,0,0,,,2009
12-11,(FRI),240,3935.3,16.4,1471.72,6.66,81,1,0,0,,,2009
12 -12,(SAT),228,3806.26,16.69,1229.12,5.69,84,0,0,0,,,2009
*12-13,(SUN),0,,,,,,,,,,,2009
12 -14,(MON),238,3787.16,15.91,1421.11,6.55,80,0,0,0,,,2009
12 -15,(TUE),196,3029.68,15.46,1009.63,5.64,75,1,0,0,,,2009
12-16,(WED),191,2735.14,14.32,955.87,5.43,70,0,0,0,,,2009
12-17,(THU),142,1969.13,13.87,552.91,4.25,68,0,0,0,,,2009
*12-18,(FRI),0,,,,,,,,,,,2009
12-19,(SAT),262,4019.78,15.34,1531.83,6.66,76,3,0,0,,,2009
*12 -20,(SUN),0,,,,,,,,,,,2009
12-21,(MON),189,2994.29,15.84,1099.12,6.28,75,1,0,0,,,2009
12-22,(TUE),211,3580.56,16.97,1347.64,6.67,75,2,0,0,,,2009
12 -23,(WED),278,4478.13,16.11,1563.63,6.01,79,0,0,0,,,2009
12 -24,(THU),235,4070.77,17.32,1592.16,7.27,81,0,0,0,,,2009
*12 -25,(FRI),0,,,,,,,,,,,2009
12-26,(SAT),175,2885.67,16.49,1108.7,6.84,82,1,0,0,,,2009
*12 -27,(SUN),0,,,,,,,,,,,2009
12-28,(MON),251,3913.08,15.59,1298.03,5.43,71,2,0,0,,,2009
12-29,(TUE),262,4044.06,15.44,1086.62,4.28,75,0,0,0,,,2009
12-30,(WED),292,4485.7,15.36,1435.42,5.11,74,0,0,0,,,2009
12 -31,(THU),360,5647.25,15.69,1706.59,5.03,74,0,0,0,,,2009
*11-01,(SUN),0,,,,,,,,,,,2009
*11-02,(MON),257,4026.71,15.67,1196.88,5.05,77,0,0,0,,,2009
*11-03,(TUE),191,3072.04,16.08,1041.84,5.66,77,2,0,0,,,2009
*11-04,(WED),234,2987.66,12.77,1111.46,5.01,72,2,0,0,,,2009
*11 -05,(THU),206,3020.88,14.66,977.08,5.2,71,0,0,0,,,2009
*11 -06,(FRI),304,4513.9,14.85,1289.85,4.53,74,1,0,0,,,2009
*11 -07,(SAT),287,4553.08,15.86,1513.36,5.63,81,1,0,0,,,2009
*11-08,(SUN),0,,,,,,,,,,,2009
*11 -09,(MON),149,2338.01,15.69,856.4,6.39,78,0,0,0,,,2009
*11 -10,(TUE),157,2352.06,14.98,681.31,4.67,69,0,0,0,,,2009
*11-11,(WED),119,1931.86,16.23,651.26,5.76,78,0,0,0,,,2009
*11-12,(THU),176,2840.06,16.14,1002.31,6.15,78,0,0,0,,,2009
*11-13,(FRI),322,4856.07,15.08,1688.99,5.76,74,0,0,0,,,2009
*11 -14,(SAT),359,5834.79,16.25,1952.32,5.74,75,0,0,0,,,2009
*11 -15,(SUN),0,,,,,,,,,,,2009
*11-16,(MON),265,4153.21,15.67,1268.99,5.14,72,1,0,0,,,2009
*11 -17,(TUE),282,4558.41,16.16,1396.58,5.19,72,1,0,0,,,2009
*11-18,(WED),249,3465.91,13.92,1377.88,5.94,76,0,0,0,,,2009
*11-19,(THU),244,3830.18,15.7,1255.55,5.51,71,1,0,0,,,2009
*11 -20,(FRI),269,4287.01,15.94,1513.29,5.93,75,0,0,0,,,2009
*11 -2 1,(SAT),297,4749.3,15.99,1514.66,5.51,78,0,0,0,,,2009
*11 -22,(SUN),0,,,,,,,,,,,2009
*11 -23,(MON),203,3048.31,15.02,1214.21,6.53,73,2,0,0,,,2009
*11 - 24,(TUE),215,3384.19,15.74,1214.83,6.17,75,2,0,0,,,2009
*11- 25,(WED),18,289.69,16.09,112.69,8.05,100,0,0,0,,,2009
*11-26,(THU),0,,,,,,,,,,,2009
*11-27,(FRI),205,3211.78,15.67,1086.03,5.93,81,0,0,0,,,2009
*11-28,(SAT),181,2723.44,15.05,818.02,4.78,74,1,1,1,,,2009
*11 -29,(SUN),0,,,,,,,,,,,2009
*11 -30,(MON),189,2578.21,13.64,702.1,4.31,67,3,0,0,,,2009
10-01,(THU),154,2061.18,13.38,730.82,5.26,75,1,0,0,,,2009
10-02,(FRI),258,3911. 84,15.16,1265.48,5.29,74,3,0,0,,,2009
10 -03,(SAT),240,3788.37,15.78,1408.15,6.31,75,0,0,0,,,2009
*10-04,(SUN),0,,,,,,,,,,,2009
10-05,(MON),185,2787.59,15.07,861.09,5.13,74,0,0,0,,,2009
10-06,(TUE),162,2408.11,14.86,820.89,5.78,81,1,0,0,,,2009
10-07,(WED),134,1890.38,14.11,930.28,7.44,74,2,0,0,,,2009
10 -08,(THU),164,2541.99,15.5,869.16,5.54,80,0,0,0,,,2009
10 -09,(FRI),220,3642.21,16.56,1288.21,6.35,77,2,0,0,,,2009
10-10,(SAT),242,4043.24,16.71,1539.41,6.81,81,0,0,0,,,2009
*10-11,(SUN),0,,,,,,,,,,,2009
10 -12,(MON),157,2292.85,14.6,816.43,5.96,73,0,0,0,,,2009
10 -13,(TUE),189,3160.49,16.72,1254.49,7.25,73,0,0,0,,,2009
10-14,(WED),177,2200.65,12.43,736.89,4.52,71,1,0,0,,,2009
10 -15,(THU),168,2519.95,15,833.8,5.41,73,1,0,0,,,2009
10-16,(FRI),179,2932.02,16.38,1106.58,6.83,80,1,0,0,,,2009
10 -17,(SAT),0,,,,,,,,,,,2009
*10-18,(SUN),0,,,,,,,,,,,2009
10 -19,(MON),235,3513.37,14.95,1108.09,5.18,69,1,0,0,,,2009
10-20,(TUE),139,2050.38,14.75,676.14,5.37,67,0,0,0,,,2009
10-21,(WED),210,3203.97,15.26,1120.53,5.93,75,1,0,0,,,2009
10-22,(THU),158,2392.49,15.14,696.27,4.74,73,0,0,0,,,2009
10-23,(FRI),236,3731.82,15.81,1166.82,5.35,76,1,0,0,,,2009
10-24,(SAT),301,4281.1,14.22,1386.95,5.01,79,3,0,0,,,2009
*10-25,(SUN),0,,,,,,,,,,,2009
10-26,(MON),226,3490.21,15.44,1020.6,4.93,77,3,0,0,,,2009
10-27,(TUE),178,2759.21,15.5,856.07,5.13,72,1,0,0,,,2009
10-28,(WED),232,3181.76,13.71,1040.22,4.82,71,4,0,0,,,2009
10-29,(THU),251,3764.5,15,1225.56,5.26,69,0,3,0,,,2009
10 -30,(FRI),263,4228.62,16.08,1544.43,6.3,79,0,0,0,,,2009
10-31,(SAT),301,4624.44,15.36,1604.78,5.77,71,0,0,0,,,2009
,9-01,(TUE),104,1521.74,14.63,593.77,6.6,79,0,0,0,,2009
,9 -02,(WED),106,1368.08,12.91,507.81,5.64,76,1,0,0,,2009
,9 -03,(THU),65,996.33,15.33,333.27,5.75,67,1,0,0,,2009
,9-04,(FRI),135,2144.18,15.88,971.74,8.68,85,0,0,0,,2009
,9-05,(SAT),105,1756.7,16.73,709.87,7.32,82,1,1,1,,2009
*,9 -06,(SUN),0,,,,,,,,,,2009
*,9-07,(MON),0,,,,,,,,,,2009
,9 -08,(TUE),130,1838.5,14.14,620.85,5.64,80,0,0,0,,2009
,9 -09,(WED),90,1294.5,14.38,447.67,5.67,80,0,0,0,,2009
,9-10,(THU),85,1239.32,14.58,475.32,6.6,79,0,0,0,,2009
,9 -11,(FRI),44,828.43,18.83,371.9,9.3,75,0,0,0,,2009
,9 -12,(SAT),33,496.54,15.05,246.93,8.82,82,1,0,0,,2009
*,9-13,(SUN),0,,,,,,,,,,2009
,9 -14,(MON),134,1792.12,13.37,629.51,5.78,79,1,0,0,,2009
,9 -15,(TUE),60,827.06,13.78,273.92,5.27,69,0,0,0,,2009
,9-16,(WED),106,1335.55,12.6,569.67,6.4,85,0,0,0,,2009
,9-17,(THU),124,1800.82,14.52,626.26,5.8,77,1,0,0,,2009
,9-18,(FRI),170,2458.76,14.46,761. 93,5.01,76,0,0,0,,2009
,9-19,(SAT),162,2866.25,17.69,1223.87,8.05,85,2,0,0,,2009
*,9 -20,(SUN),0,,,,,,,,,,2009
,9 -21,(MON),110,1194.66,10.86,454.49,4.94,78,1,0,0,,2009
,9 -22,(TUE),90,1543.2,17.15,749.59,9.61,78,0,0,0,,2009
,9 -23,(WED),98,1370.98,13.99,556.01,7.04,75,0,0,0,,2009
,9 -24,(THU),108,1753.65,16.24,712.65,7.58,85,1,0,0,,2009
,9 -25,(FRI),138,2223.57,16.11,895.96,7.4,76,3,0,0,,2009
,9-26,(SAT),160,2599.24,16.25,1034.02,7.08,87,0,0,0,,2009
*,9 -27,(SUN),0,,,,,,,,,,2009
,9-28,(MON),6,69.83,11.64,19.43,3.89,80,2,0,0,,2009
,9 -29,(TUE),134,1760.31,13.14,519.7,4.86,79,0,0,0,,2009
*,9 -30,(WED),0,,,,,,,,,,2009
,8-01,(SAT),168,2398.99,14.28,841.77,5.85,82,1,0,0,,2009
*,8-02,(SUN),0,,,,,,,,,,2009
,8-03,(MON),118,1695.93,14.37,629.93,6.7,81,0,0,0,,2009
,8-04,(TUE),120,1853.31,15.44,741. 94,7.35,75,1,0,0,,2009
,8-05,(WED),56,928.15,16.57,446.32,9.3,73,1,0,0,,2009
,8 -06,(THU),36,414.84,11.52,145.84,4.7,68,0,0,0,,2009
,8-07,(FRI),51,801.87,15.72,372.87,8.88,90,0,0,0,,2009
,8 -08,(SAT),142,2257.72,15.9,930.58,7.57,87,0,0,0,,2009
*,8-09,(SUN),0,,,,,,,,,,2009
,8 -10,(MON),76,1053.05,13.86,361.05,6.02,78,1,0,0,,2009
,8 -11,(TUE},106,1616.98,15.25,592.14,6.23,77,0,0,0,,2009
,8 -12,(WED},111,1334.56,12.02,489.29,5.15,78,1,0,0,,2009
,8-13,(THU),87,1192.37,13.71,389.76,5.34,79,1,0,0,,2009
,8-14,(FRI),155,2267.92,14.63,710.7,5.15,75,0,0,0,,2009
,8-15,(SAT),87,1509.95,17.36,656.81,8.21,82,1,0,0,,2009
*,8-16,(SUN),0,,,,,,,,,,2009
,8 -17,(MON),103,1475.73,14.33,528.9,6.01,86,1,0,0,,2009
,8 -18,(TUE),49,659.81,13.47,184.59,4.5,83,1,0,0,,2009
,8 -19,(WED),73,1270.34,17.4,534.34,8.35,80,0,0,0,,2009
,8 -20,(THU),87,1097.55,12.62,395.72,5.65,70,1,1,0,,2009
,8 -21,(FRI),132,1984.34,15.03,783.12,7.12,81,1,0,0,,2009
,8-22,(SAT),184,3089.2,16.79,1064.67,6.26,86,0,0,0,,2009
*,8 -23,(SUN),0,,,,,,,,,,2009
,8 -24,(MON),61,788.57,12.93,202.74,3.9,73,1,0,0,,2009
,8 -25,(TUE),88,1367.44,15.54,525.44,7.1,81,1,0,0,,2009
*,8 -26,(WED),0,,,,,,,,,,2009
,8 -27,(THU),104,1581.96,15.21,693.21,8.16,78,1,0,0,,2009
,8-28,(FRI),140,2032.08,14.51,729.25,6.23,77,0,0,0,,2009
,8 -29,(SAT),104,1846.54,17.76,820.32,8.73,85,1,1,0,,2009
*,8-30,(SUN),0,,,,,,,,,,2009
,8-31,(MON),125,1844.58,14.76,640.75,6.04,86,1,0,0,,2009
,7-01,(WED),87,1336.1,15.36,495.49,6.88,76,0,0,0,,2009
,7-02,(THU),87,1237.13,14.22,398.6,5.54,74,0,0,0,,2009
,7 -03,(FRI),190,3255.13,17.13,1439.48,8.32,83,1,0,0,,2009
*,7-04,(SAT),0,,,,,,,,,,2009
*,7-05,(SUN),0,,,,,,,,,,2009
,7-06,(MON),151,1956.89,12.96,699.01,5.59,84,0,0,0,,2009
,7-07,(TUE),132,1956.16,14.82,683.94,5.75,74,0,0,0,,2009
,7-08,(WED),117,1780.99,15.22,537.77,4.98,81,0,0,0,,2009
,7-09,(THU),116,1978.22,17.05,715.22,6.5,75,0,0,0,,2009
,7-10,(FRI),139,2365.45,17.02,962.7,7.64,77,0,0,0,,2009
,7-11,(SAT),197,2981.72,15.14,1060.14,5.79,76,0,0,0,,2009
*,7 -12,(SUN),0,,,,,,,,,,2009
,7-13,(MON),172,2367.5,13.76,656.67,4.38,74,2,0,0,,2009
,7-14,(TUE),163,2429.75,14.91,765.14,5.1,68,0,0,0,,2009
,7 -15,(WED),170,2490.09,14.65,1052.89,6.79,79,0,0,0,,2009
,7-16,(THU),159,2434.92,15.31,993.29,6.95,76,0,0,0,,2009
,7-17,(FRI),176,2917.2,16.57,1064.59,6.45,76,1,0,0,,2009
,7-18,(SAT),220,3511. 22,15.96,1207,5.78,78,1,0,0,,2009
*,7-19,(SUN),0,,,,,,,,,,2009
,7 -20,(MON),48,620.71,12.93,199.71,5.26,66,1,0,0,,2009
,7-21,(TUE),144,2008.91,13.95,691. 91,5.67,79,0,0,0,,2009
,7 -22,(WED),173,2315.64,13.39,1093.06,7.49,75,1,0,0,,2009
,7-23,(THU),166,2313.2,13.93,737.2,4.79,65,0,0,0,,2009
,7 -24,(FRI),177,2712.27,15.32,916.46,5.69,76,1,0,0,,2009
,7 -25,(SAT),118,1907.66,16.17,698.13,6.65,81,0,0,0,,2009
*,7-26,(SUN),0,,,,,,,,,,2009
,7 -27,(MON),112,1568.52,14,481.38,5.12,73,0,0,0,,2009
,7 -28,(TUE),100,1460.27,14.6,444.66,5.11,79,0,0,0,,2009
,7-29,(WED),89,986.52,11.08,356.92,4.7,72,2,0,0,,2009
,7 -30,(THU),96,1237.32,12.89,402.9,4.91,73,0,0,0,,2009
,7-31,(FRI),101,1469.18,14.55,511. 22,5.5,72,0,0,0,,2009
,6-01,(MON),157,2317.11,14.76,883.89,6.7,79,2,0,0,,2009
,6-02,(TUE),112,1864.6,16.65,707.99,6.62,79,0,0,0,,2009
,6-03,(WED),87,1174.9,13.5,376.68,5.16,73,0,0,0,,2009
,6-04,(THU),52,856.66,16.47,228.83,4.97,76,0,0,0,,2009
,6-05,(FRI),142,2303.34,16.22,1020.9,8.37,77,0,0,0,,2009
,6 -06,(SAT),167,2951.23,17.67,1334.26,8.66,87,0,0,0,,2009
*,6-07,(SUN),0,,,,,,,,,,2009
,6 -08,(MON),112,1741.64,15.55,766.42,7.9,76,0,0,0,,2009
,6 -09,(TUE),79,1028.8,13.02,320.58,4.71,74,1,0,0,,2009
,6 -10,(WED),104,1552.8,14.93,628.97,7.07,78,0,0,0,,2009
,6-11,(THU),124,1435.9,11.58,531.17,4.92,79,0,0,0,,2009
,6 -12,(FRI),166,2399.82,14.46,838.72,5.45,78,0,0,0,,2009
,6 -13,(SAT),216,3295.18,15.26,1592.74,7.81,80,0,0,0,,2009
*,6 -14,(SUN),0,,,,,,,,,,2009
,6 -15,(MON),112,1584.23,14.14,520.56,5.05,72,0,0,0,,2009
,6 -16,(TUE),122,1907.28,15.63,715.01,6.33,79,1,0,0,,2009
,6 -17,(WED),114,1760.13,15.44,653.91,6.61,84,0,0,0,,2009
,6 -18,(THU),124,1896.69,15.3,806.03,7.01,77,1,0,0,,2009
,6 -19,(FRI),149,2072.49,13.91,709,5.37,78,0,0,0,,2009
,6 -20,(SAT),149,2400.19,16.11,1002.53,7.37,82,0,0,0,,2009
*,6 -21,(SUN),0,,,,,,,,,,2009
,6 -22,(MON),124,1800.66,14.52,653.77,5.94,75,1,0,0,,2009
,6 -23,(TUE),51,755.67,14.82,361.67,8.61,88,0,0,0,,2009
,6- 24,(WED),63,934.89,14.84,323.89,6.11,75,0,0,0,,2009
,6 -25,(THU),101,1539.83,15.25,576,6.55,76,0,0,0,,2009
,6 -26,(FRI),93,1444.11,15.53,482,5.67,72,0,0,0,,2009
,6-27,(SAT),179,3069.4,17.15,1242.18,7.62,85,0,0,0,,2009
*,6-28,(SUN),0,,,,,,,,,,2009
,6-29,(MON),42,716.13,17.05,326.54,9.33,74,0,0,0,,2009
,6-30,(TUE),81,1297.89,16.02,392.06,5.45,78,2,0,0,,2009
,5-01,(FRI),314,4929.77,15.7,1602.58,5.4,79,2,0,0,,2009
,5-02,(SAT),352,5716.12,16.24,1912.5,5.62,79,3,0,0,,2009
*,5 -03,(SUN),0,,,,,,,,,,2009
,5 -04,(MON),241,3632.32,15.07,1029.6,4.56,74,1,0,0,,2009
,5-05,(TUE),237,3759.87,15.86,1182.04,5.16,76,1,0,0,,2009
,5-06,(WED),218,3040.95,13.95,764.83,3.79,73,0,0,0,,2009
,5 -07,(THU),224,3621.36,16.17,1310.14,6.42,75,1,0,0,,2009
,5-08,(FRI),290,4544.93,15.67,1465.9,5.35,72,1,0,0,,2009
,5 -09,(SAT),298,4865.77,16.33,1703.41,6.02,80,0,0,0,,2009
*,5-10,(SUN),0,,,,,,,,,,2009
,5-11,(MON),236,3609.94,15.3,1126.33,5.01,75,0,0,0,,2009
,5 -12,(TUE),211,3463.06,16.41,1276.7,6.35,75,0,0,0,,2009
,5-13,(WED),81,970.64,11.98,331.2,4.66,68,0,0,0,,2009
,5 -14,(THU),124,1873.24,15.11,683.24,6.39,72,1,0,0,,2009
,5 -15,(FRI),87,1258.57,14.47,354.46,4.49,85,0,0,0,,2009
,5-16,(SAT),185,2964.87,16.03,1156.69,6.84,76,0,0,0,,2009
*,5 -17,(SUN),0,,,,,,,,,,2009
,5 -18,(MON),24,422.77,17.62,200.16,10.53,84,0,0,0,,2009
,5 -19,(TUE),0,,,,,,,,,,2009
,5 -20,(WED),69,845.45,12.25,247.84,4.43,70,0,0,0,,2009
,5-21,(THU),50,575.4,11.51,162.79,4.17,74,0,0,0,,2009
,5-22,(FRI),103,1412.88,13.72,484.88,5.57,77,0,0,0,,2009
,5-23,(SAT),161,2799.77,17.39,1270.72,8.7,79,4,1,1,,2009
*,5-24,(SUN),0,,,,,,,,,,2009
*,5- 25,(MON),0,,,,,,,,,,2009
,5 -26,(TUE),165,2355.68,14.28,851.07,5.87,70,0,0,0,,2009
,5-27,(WED),142,2063.36,14.53,652.69,4.91,71,1,0,0,,2009
,5-28,(THU),116,1772.14,15.28,540.92,5.01,79,0,0,0,,2009
,5-29,(FRI),152,2313.74,15.22,784.91,5.77,77,0,0,0,,2009
,5-30,(SAT),76,1404.68,18.48,598.15,8.31,82,0,0,0,,2009
*,5-31,(SUN),0,,,,,,,,,,2009
,4-01,(WED),259,3239.76,12.51,751.88,3.06,64,3,0,0,,2009
,4-02,(THU),231,3268.04,14.15,828.25,3.89,66,1,0,0,,2009
,4-03,(FRI),190,2842.96,14.96,916.68,5.04,71,0,0,0,,2009
,4-04,(SAT),280,4289.69,15.32,1145.08,4.29,73,1,0,0,,2009
*,4-05,(SUN),0,,,,,,,,,,2009
,4 -06,(MON),235,3052.83,12.99,1140.02,5.09,73,0,0,0,,2009
,4 -07,(TUE),197,2948.19,14.97,943.6,5.05,67,2,0,0,,2009
,4-08,(WED),250,3561. 33,14.25,788.58,3.3,69,0,0,0,,2009
,4 -09,(THU),290,4462.15,15.39,1340.32,4.86,72,0,0,0,,2009
,4-10,(FRI),300,4850.98,16.17,1626.32,5.63,72,0,0,0,,2009
,4 -11,(SAT),357,5926.7,16.6,1967.95,5.75,74,1,1,1,,2009
*,4 - 12,(SUN),0,,,,,,,,,,2009
,4-13,(MON),264,3790.15,14.36,1673.92,6.78,74,2,0,0,,2009
,4-14,(TUE),189,3127.64,16.55,1087.03,6.01,77,1,0,0,,2009
,4-15,(WED),194,3009.96,15.52,1071.35,6.09,78,1,1,1,,2009
,4-16,(THU),267,4156.25,15.57,1347.63,5.43,75,0,0,0,,2009
,4-17,(FRI),256,4109.94,16.05,1426.72,5.97,73,2,0,0,,2009
,4 -18,(SAT),306,5486.1,17.93,2248.64,7.6,81,1,0,0,,2009
*,4-19,(SUN),0,,,,,,,,,,2009
,4-20,(MON),212,3422.65,16.14,1184.43,6.01,72,1,0,0,,2009
,4 -21,(TUE),195,3138.38,16.09,1118.77,6.08,76,1,0,0,,2009
,4 -22,(WED),213,3116.39,14.63,1187.51,5.97,70,1,0,0,,2009
,4 -2 3,(THU),239,3567.33,14.93,1079.5,4.78,75,0,0,0,,2009
,4-24,(FRI),253,4163.11,16.45,1496.91,6.42,77,1,0,0,,2009
,4 -25,(SAT),278,4357.58,15.67,1444.98,5.41,78,2,0,0,,2009
*,4-26,(SUN),0,,,,,,,,,,2009
,4-27,(MON),262,3894.17,14.86,1281.59,5.41,74,0,0,0,,2009
,4-28,(TUE),244,3893.06,15.96,1290.23,5.59,71,0,1,0,,2009
,4 -29,(WED),258,4040.68,15.66,1172.46,4.67,72,0,0,0,,2009
,4-30,(THU),262,3746.48,14.3,1156.38,4.68,74,0,0,0,,2009
*,3-01,(SUN),0,,,,,,,,,,2009
,3 -02,(MON),350,5369.01,15.34,1474.58,4.45,70,0,0,0,,2009
,3-03,(TUE),347,5148.31,14.84,1261. 87,3.76,68,1,0,0,,2009
,3 -04,(WED),335,4538.22,13.55,1561.8,4.85,67,0,0,0,,2009
,3-05,(THU),351,5208.21,14.84,1267.27,3.77,69,0,0,0,,2009
,3-06,(FRI),365,5835.84,15.99,1695.84,4.82,68,3,0,0,,2009
,3-07,(SAT),360,5612.34,15.59,1772.57,5.04,68,2,0,0,,2009
*,3-08,(SUN),0,,,,,,,,,,2009
,3-09,(MON),330,5050.84,15.31,1252.12,3.97,68,1,0,0,,2009
,3-10,(TUE),367,5186.45,14.13,1082.66,3.04,61,0,2,1,,2009
,3 -11,(WED),323,4287.48,13.27,1400.72,4.56,65,1,0,0,,2009
,3 -12,(THU),360,5479.8,15.22,1517.36,4.4,66,1,0,0,,2009
,3-13,(FRI),358,5524.06,15.43,1549.73,4.51,70,0,0,0,,2009
,3-14,(SAT),371,6421.76,17.31,2282.05,6.29,80,1,0,0,,2009
*,3-15,(SUN),0,,,,,,,,,,2009
,3-16,(MON),294,3947.16,13.43,1141.37,4.08,67,2,0,0,,2009
,3-17,(TUE),305,4456.93,14.61,1199.21,4.15,66,1,0,0,,2009
,3 -18,(WED),127,2069.79,16.3,641,5.34,73,1,0,0,,2009
,3-19,(THU),198,2998.87,15.15,882.65,4.72,69,0,0,0,,2009
,3-20,(FRI),442,6678.76,15.11,1848.29,4.42,70,0,0,0,,2009
,3-21,(SAT),416,6615.54,15.9,2076.96,5.21,73,1,0,0,,2009
*,3 -22,(SUN),0,,,,,,,,,,2009
,3 -23,(MON),263,4171. 56,15.86,1312.34,5.15,70,0,0,0,,2009
,3-24,(TUE),318,4718.07,14.84,1285.74,4.26,64,0,0,0,,2009
,3 -25,(WED),296,3399.23,11.48,1003.76,3.58,61,0,0,0,,2009
,3 -26,(THU),311,4588.06,14.75,1290.95,4.41,69,0,0,0,,2009
,3-27,(FRI),350,5416.04,15.47,1579.78,4.7,69,1,0,0,,2009
,3-28,(SAT),279,4541.17,16.28,1556.89,5.81,79,1,1,0,,2009
*,3-29,(SUN),0,,,,,,,,,,2009
,3 -30,(MON),296,4350.62,14.7,1081.42,3.88,67,0,0,0,,2009
,3-31,(TUE),235,3877.4,16.5,1198.44,5.3,72,0,0,0,,2009
*,2-01 (SUN),,0,,,,,,,,,,2009
,2-02 (MON),,16,202.74,12.67,,64.74,4.98,54,0,0,0,2009
,2 -03 (TUE),,291,4317.31,14.84,,1398.09,5.3,67,0,0,0,2009
,2-04 (WED),,269,3717.75,13.82,,1488.5,5.84,74,0,0,0,2009
,2-05 (THU),,243,3740.43,15.39,,984.21,4.15,72,1,0,0,2009
,2-06 (FRI),,307,4722.16,15.38,,1375.87,4.65,73,0,0,0,2009
,2 -07 (SAT),,305,5098.89,16.72,,1746.17,5.98,78,0,0,0,2009
*,2-08 (SUN),,0,,,,,,,,,,2009
,2-09 (MON),,282,4384.25,15.55,,1295.64,4.93,75,2,0,0,2009
,2-10 (TUE),,303,4649.58,15.35,,1291.54,4.41,67,1,0,0,2009
,2-11 (WED),,275,3877.52,14.1,,1262.76,4.77,68,0,0,0,2009
,2-12 (THU).,,267,4091.06,15.32,,1169.45,4.59,71,4,0,0,2009
,2-13 (FRI),,304,4629.79,15.23,,1492.61,5.26,73,0,0,0,2009
,2-14 (SAT),,395,6294.13,15.93,,1731.52,4.54,70,0,0,0,2009
*,2-15 (SUN),,0,,,,,,,,,,2009
,2-16 (MON),,296,3879.14,13.11,,1129.78,4.03,67,1,0,0,2009
,2-17 (TUE),,304,4822.94,15.86,,1470.72,5,70,0,0,0,2009
,2 -18 (WED),,271,3487.54,12.87,,993.95,3.84,68,0,0,0,2009
,2 -19 (THU),,288,4343.79,15.08,,1378.18,5.18,73,0,0,0,2009
,2 -20 (FRI),,382,5753.86,15.06,,1594.59,4.39,68,1,0,0,2009
,2- 21 (SAT),,394,6293.04,15.97,,1882.93,4.94,73,6,0,0,2009
*,2-22 (SUN),,0,,,,,,,,,,2009
,2-23 (MON),,312,4616.98,14.8,,1189.32,4.03,68,1,0,0,2009
,2-24 (TUE),,351,5192.16,14.79,,1212.55,3.56,70,0,0,0,2009
,2-25 (WED),,284,3828.39,13.48,,1206.61,4.47,65,2,0,0,2009
,2 -26 (THU),,352,5438.16,15.45,,1572.72,4.59,66,0,0,0,2009
,2 -27 (FRI),,381,5741.09,15.07,,1675.93,4.58,70,0,0,0,2009
,2- 28 (SAT),,392,6445.89,16.44,,1941.67,5.06,77,0,0,0,2009
*,1-01,(THU),0,,,,,,,,,,2009
,1-02,(FRI),360,5467.2,15.19,1525.54,4.45,70,2,0,0,,2009
,1 -03,(SAT),377,6234.13,16.54,2167.3,5.89,75,0,0,0,,2009
*,1-04,(SUN),0,,,,,,,,,,2009
,1-05,(MON),344,5482.92,15.94,1673.48,5.17,77,5,0,0,,2009
,1 -06,(TUE),330,5139.78,15.58,1508.34,4.73,71,0,0,0,,2009
,1-07,(WED),219,3114.8,14.22,1008.48,4.76,69,2,0,0,,2009
,1-08,(THU),327,5063.4,15.48,1592.35,5.06,66,0,0,0,,2009
,1-09,(FRI),330,5208.3,15.78,1845.03,5.88,71,0,0,0,,2009
,1-10,(SAT),355,6011.09,16.93,2422.25,7.21,73,1,0,0,,2009
*,1-11,(SUN),0,,,,,,,,,,2009
,1 -12,(MON),266,4361.88,16.4,1434.05,5.54,71,2,0,0,,2009
,1-13,(TUE),82,1229.24,14.99,396.24,5.15,77,0,0,0,,2009
,1-14,(WED),289,4076.68,14.11,1464.31,5.36,73,3,0,0,,2009
,1 -15,(THU),215,3188.98,14.83,992.94,4.94,69,0,0,0,,2009
,1-16,(FRI),273,3850.84,14.11,1072.62,4.19,65,0,0,0,,2009
,1 -17,(SAT),317,5022.54,15.84,1753.49,5.81,75,2,0,0,,2009
*,1 -18,(SUN),0,,,,,,,,,,2009
,1-19,(MON),179,2608.33,14.57,690.11,4.08,69,1,0,0,,2009
,1-20,(TUE),180,2639.06,14.66,683.95,4.07,64,3,0,0,,2009
,1-21,(WED),265,3463.89,13.07,1016.79,4.05,66,0,0,0,,2009
,1 -22,(THU),259,4140.43,15.99,1300.82,5.2,65,0,0,0,,2009
,1 -23,(FRI),365,5392.67,14.77,1487.45,4.3,68,1,0,1,,2009
,1 -24,(SAT),414,6700.37,16.18,2213.32,5.53,71,2,0,0,,2009
*,1-25,(SUN),0,,,,,,,,,,2009
,1-26,(MON),340,5309.43,15.62,1571.6,4.85,68,0,0,0,,2009
,1 -27,(TUE),281,4293.33,15.28,1060.5,3.93,74,2,0,0,,2009
,1-28,(WED),266,3824.71,14.38,1428.88,5.63,69,2,0,0,,2009
,1-29,(THU),262,4040.12,15.42,1147.9,4.65,73,0,0,0,,2009
,1 -30,(FRI),26,359.44,13.82,117.83,4.91,63,0,0,0,,2009
,1-31,(SAT),458,6792.29,14.83,1744.67,4,68,1,0,0,,2009